,Наименование продукта,Категория продукта,Подкатегория продукта,Безопасность,Качество,Общий балл,Сайт
0,"Молоко ""Экомилк"" 3,2% пастеризованное", Молочные продукты , Молоко ,95,79,79,https://roscontrol.com/
0,"Молоко ""Ашан"" 2,5%, пастеризованное", Молочные продукты , Молоко ,88,86,76,https://roscontrol.com/
0,"Молоко ""Вологодское лето"" 2,5%, пастеризованное", Молочные продукты , Молоко ,83,62,70,https://roscontrol.com/
0,"Молоко ""Молоко нашей дойки"" 2,5%, пастеризованное", Молочные продукты , Молоко ,90,70,73,https://roscontrol.com/
0,"Молоко Billa 2,5%, пастеризованное", Молочные продукты , Молоко ,89,73,72,https://roscontrol.com/
0,"Молоко ""Сарафаново"" 2,5%, пастеризованное", Молочные продукты , Молоко ,89,73,72,https://roscontrol.com/
0,"Молоко ""Простоквашино"" 2,5%, пастеризованное", Молочные продукты , Молоко ,89,80,75,https://roscontrol.com/
0,"Молоко ""Домик в деревне"" 2,5%, пастеризованное", Молочные продукты , Молоко ,86,75,73,https://roscontrol.com/
0,"Молоко ""Зеленая линия / Маркет Перекресток"", 3,2% пастеризованное", Молочные продукты , Молоко ,80,73,75,https://roscontrol.com/
0,"Молоко ""Искренне Ваш"", 3,2% пастеризованное", Молочные продукты , Молоко ,62,83,70,https://roscontrol.com/
0,"Молоко Globus, 3,2% пастеризованное", Молочные продукты , Молоко ,66,93,75,https://roscontrol.com/
0,"Молоко ""Вологжанка"", 3,2% пастеризованное", Молочные продукты , Молоко ,86,59,72,https://roscontrol.com/
0,"Молоко ""Село Зеленое"" 3,2% пастеризованное", Молочные продукты , Молоко ,88,82,77,https://roscontrol.com/
0,"Молоко ""Красная цена"", 3,2%, ультрапастеризованное", Молочные продукты , Молоко ,83,76,71,https://roscontrol.com/
0,"Молоко ""Простоквашино"" 3,2% ультрапастеризованное", Молочные продукты , Молоко ,88,73,73,https://roscontrol.com/
0,"Молоко ""Село Зеленое"" 3,2% ультрапастеризованное", Молочные продукты , Молоко ,91,84,77,https://roscontrol.com/
0,"Молоко ""Простоквашино"" отборное, от 3,4% до 4,5% пастеризованное", Молочные продукты , Молоко ,92,91,82,https://roscontrol.com/
0,"Молоко ""Останкинское"" 3,2% ультрапастеризованное", Молочные продукты , Молоко ,97,32,68,https://roscontrol.com/
0,"Кефир ""Коровка из Кореновки"" отборный, 3,2-4,8%", Молочные продукты , Кефир ,91,83,83,https://roscontrol.com/
0,"""Чабан"" 2,5%", Молочные продукты , Кефир ,97,86,82,https://roscontrol.com/
0,"""Простоквашино"" 2,5%", Молочные продукты , Кефир ,97,77,80,https://roscontrol.com/
0,"Кефир Globus, 3,2%", Молочные продукты , Кефир ,88,61,75,https://roscontrol.com/
0,"Кефир ""Асеньевская ферма"", 3,2%", Молочные продукты , Кефир ,88,77,79,https://roscontrol.com/
0,"Кефир ""Вологодское лето"", 3,2%", Молочные продукты , Кефир ,88,61,74,https://roscontrol.com/
0,"Кефир "" Наша семья/Лакомо"", 3,2%", Молочные продукты , Кефир ,94,78,81,https://roscontrol.com/
0,"Кефир ""Простоквашино"", 3,2%", Молочные продукты , Кефир ,88,89,81,https://roscontrol.com/
0,Кефир BioMax 1%, Молочные продукты , Кефир ,95,72,81,https://roscontrol.com/
0,"Биокефир ""Вкуснотеево"" 1%", Молочные продукты , Кефир ,95,51,75,https://roscontrol.com/
0,"Кефир ""Простоквашино"" 1%", Молочные продукты , Кефир ,95,67,77,https://roscontrol.com/
0,"Кефир ""Домик в деревне"" 1%", Молочные продукты , Кефир ,95,72,79,https://roscontrol.com/
0,"""Сарафаново"" 2,5", Молочные продукты , Кефир ,94,64,75,https://roscontrol.com/
0,"""Большая кружка"" 2,5%", Молочные продукты , Кефир ,97,45,72,https://roscontrol.com/
0,"""Свежее завтра"" 2,5%", Молочные продукты , Кефир ,96,42,71,https://roscontrol.com/
0,"""Рузский"" 2,5%", Молочные продукты , Кефир ,97,52,75,https://roscontrol.com/
0,"Кефир ""Рузский"" 3,2-4%", Молочные продукты , Кефир ,91,52,53,https://roscontrol.com/
0,"Кефир ""Милава""", Молочные продукты , Кефир ,99,42,74,https://roscontrol.com/
0,"Творог ""Брест-Литовск"" 9%", Молочные продукты , Творог ,88,74,73,https://roscontrol.com/
0,"Творог ""Савушкин продукт"" ""Мягкий нежный"" 5%", Молочные продукты , Творог ,74,30,60,https://roscontrol.com/
0,"Творог ""Останкинское"" 0,1%", Молочные продукты , Творог ,75,56,60,https://roscontrol.com/
0,"Творог ""Домик в деревне"" 0,2%", Молочные продукты , Творог ,83,96,76,https://roscontrol.com/
0,"Творог ""Чистая линия"" 9%", Молочные продукты , Творог ,76,97,79,https://roscontrol.com/
0,Творог President 9%, Молочные продукты , Творог ,75,92,77,https://roscontrol.com/
0,"Творог ""Вкуснотеево"" 9%", Молочные продукты , Творог ,75,98,76,https://roscontrol.com/
0,"Творог Творог ""Искренне Ваш"" 9%", Молочные продукты , Творог ,78,51,65,https://roscontrol.com/
0,"Творог ""Домик в деревне"" 9%", Молочные продукты , Творог ,91,26,57,https://roscontrol.com/
0,"Творог Творог ""Му-у"" 9%", Молочные продукты , Творог ,82,20,54,https://roscontrol.com/
0,"Творог Творог ""Балтком"" 9%", Молочные продукты , Творог ,68,46,60,https://roscontrol.com/
0,"Творог ""Маруся"" 9%", Молочные продукты , Творог ,82,50,72,https://roscontrol.com/
0,"Творог Творог ""ДмитроГорский продукт"" 9%", Молочные продукты , Творог ,75,61,66,https://roscontrol.com/
0,"Творог ""Савушкин хуторок"" 1%", Молочные продукты , Творог ,82,76,72,https://roscontrol.com/
0,"Творог ""Простоквашино"" 0,1%", Молочные продукты , Творог ,88,34,53,https://roscontrol.com/
0,"Творог Творог ""Избенка"" 9%", Молочные продукты , Творог ,,, ,https://roscontrol.com/
0,"Творог Творог ""Дмитровский молочный завод"" 9%", Молочные продукты , Творог ,,, ,https://roscontrol.com/
0,"Творог Творог ""Ростагроэкспорт"" 9%", Молочные продукты , Творог ,,, ,https://roscontrol.com/
0,"""Сарафаново"" 20%", Молочные продукты , Сметана ,91,76,66,https://roscontrol.com/
0,"""Брест-Литовск"" 20%", Молочные продукты , Сметана ,94,67,63,https://roscontrol.com/
0,"""Ростагроэкспорт"" 20%", Молочные продукты , Сметана ,91,54,60,https://roscontrol.com/
0,"""Простоквашино"" 20%", Молочные продукты , Сметана ,88,79,65,https://roscontrol.com/
0,"""Избенка"" 20%", Молочные продукты , Сметана ,91,79,69,https://roscontrol.com/
0,"""Свитлогорье"" 15%", Молочные продукты , Сметана ,83,80,65,https://roscontrol.com/
0,"""Ростагроэкспорт"" 15%", Молочные продукты , Сметана ,91,63,66,https://roscontrol.com/
0,"""Простоквашино"" 15%", Молочные продукты , Сметана ,88,82,66,https://roscontrol.com/
0,"""Сарафаново"" 15%", Молочные продукты , Сметана ,84,85,66,https://roscontrol.com/
0,"Сметана ""Вологодская из Вологды"" 25%", Молочные продукты , Сметана ,91,54,65,https://roscontrol.com/
0,"Сметана ""Козельская"" 25%", Молочные продукты , Сметана ,91,70,72,https://roscontrol.com/
0,"Сметана ""Простоквашино"" 25%", Молочные продукты , Сметана ,88,64,67,https://roscontrol.com/
0,"Сметана ""Домик в деревне"" 25%", Молочные продукты , Сметана ,85,86,73,https://roscontrol.com/
0,"""Бежин луг"" 20%", Молочные продукты , Сметана ,97,66,72,https://roscontrol.com/
0,"""Благода"" 20%", Молочные продукты , Сметана ,97,71,74,https://roscontrol.com/
0,"""Домик в деревне"" 20%", Молочные продукты , Сметана ,97,65,74,https://roscontrol.com/
0,"""Каждый день"" 20%", Молочные продукты , Сметана ,94,60,73,https://roscontrol.com/
0,"""Брест-Литовск"" 15%", Молочные продукты , Сметана ,85,82,74,https://roscontrol.com/
0,"Масло сливочное ""Экомилк"" 82,5%", Молочные продукты , Сливочное масло ,86,85,74,https://roscontrol.com/
0,Сливочное масло Anchor 82%, Молочные продукты , Сливочное масло ,86,80,69,https://roscontrol.com/
0,Сливочное масло Anchor 82%, Молочные продукты , Сливочное масло ,86,80,69,https://roscontrol.com/
0,Сливочное масло Anchor 82%, Молочные продукты , Сливочное масло ,86,80,69,https://roscontrol.com/
0,Сливочное масло Anchor 82%, Молочные продукты , Сливочное масло ,86,80,69,https://roscontrol.com/
0,"Сливочное масло ""Брест-Литовск"" 82,5%", Молочные продукты , Сливочное масло ,82,100,78,https://roscontrol.com/
0,"Сливочное масло ""Радость вкуса"" ""Традиционное"" 82,5%, высший сорт", Молочные продукты , Сливочное масло ,85,67,70,https://roscontrol.com/
0,"Сливочное вологодское масло ""Из Вологды"" 82,5%", Молочные продукты , Сливочное масло ,81,74,65,https://roscontrol.com/
0,"Топленое масло ""Молградъ""", Молочные продукты , Сливочное масло ,81,73,65,https://roscontrol.com/
0,"""Вкуснотеево"" традиционное 82,5%", Молочные продукты , Сливочное масло ,82,96,77,https://roscontrol.com/
0,"Сливочное масло ""Белорусское"" ""Традиционное"" 82,5%", Молочные продукты , Сливочное масло ,86,74,71,https://roscontrol.com/
0,"Сливочное масло Valuiki ""Традиционное"" 82,5%, высший сорт", Молочные продукты , Сливочное масло ,88,57,68,https://roscontrol.com/
0,"Сливочное масло ""Милава"" 82,5%", Молочные продукты , Сливочное масло ,88,77,74,https://roscontrol.com/
0,"Сливочное масло ""Радость вкуса"" Крестьянское 72,5%", Молочные продукты , Сливочное масло ,69,65,70,https://roscontrol.com/
0,"Сливочное масло Belorus Export высшего сорта  82,5%", Молочные продукты , Сливочное масло ,73,54,66,https://roscontrol.com/
0,"Сливочное масло ""Лакомо"" Традиционное высшего сорта 82,5%", Молочные продукты , Сливочное масло ,58,51,63,https://roscontrol.com/
0,Сливочное масло Lurpak 82%, Молочные продукты , Сливочное масло ,69,82,69,https://roscontrol.com/
0,Сливочное масло Valio Традиционное  82%, Молочные продукты , Сливочное масло ,63,73,65,https://roscontrol.com/
0,"Сыр ""Радость вкуса"" ""Львиное сердце"", 45%", Молочные продукты , Сыры и сырные продукты ,81,37,61,https://roscontrol.com/
0,"Сыр ""Радость вкуса"" ""Топленое молочко"", 45%", Молочные продукты , Сыры и сырные продукты ,81,48,63,https://roscontrol.com/
0,"Сыр ""Адыгейский молзавод"" Адыгейский", Молочные продукты , Сыры и сырные продукты ,85,70,75,https://roscontrol.com/
0,"Сыр ""Красногвардейский Молочный Завод"" Адыгейский", Молочные продукты , Сыры и сырные продукты ,83,83,75,https://roscontrol.com/
0,"Сыр ""Свежий ряд"" Адыгейский", Молочные продукты , Сыры и сырные продукты ,84,74,73,https://roscontrol.com/
0,"Сыр ""Тысяча озёр"" легкий", Молочные продукты , Сыры и сырные продукты ,73,50,54,https://roscontrol.com/
0,"Сыр ""Ровеньки"" легкий", Молочные продукты , Сыры и сырные продукты ,74,49,56,https://roscontrol.com/
0,"Сыр ""Сваля"" легкий", Молочные продукты , Сыры и сырные продукты ,76,56,56,https://roscontrol.com/
0,"Сыр ""Аланталь"" легкий", Молочные продукты , Сыры и сырные продукты ,64,68,56,https://roscontrol.com/
0,"Сыр ""Брест-Литовск"" легкий", Молочные продукты , Сыры и сырные продукты ,78,59,59,https://roscontrol.com/
0,"Сыр ""365 дней"" ""Российский""", Молочные продукты , Сыры и сырные продукты ,75,56,53,https://roscontrol.com/
0,"Сыр ""ПростоСыр"" Российский", Молочные продукты , Сыры и сырные продукты ,79,61,54,https://roscontrol.com/
0,"Сыр ""Радость вкуса"" ""Российский классический""", Молочные продукты , Сыры и сырные продукты ,70,68,56,https://roscontrol.com/
0,"Сыр ""Луговая свежесть"" ""Российский""", Молочные продукты , Сыры и сырные продукты ,78,73,58,https://roscontrol.com/
0,"Сыр ""Киприно"" ""Российский""", Молочные продукты , Сыры и сырные продукты ,76,69,56,https://roscontrol.com/
0,"Сыр Valio ""Российский""", Молочные продукты , Сыры и сырные продукты ,76,64,55,https://roscontrol.com/
0,"Сыр ""Белебеевский"" ""Российский"", 50%", Молочные продукты , Сыры и сырные продукты ,78,67,57,https://roscontrol.com/
0,Сыр Moncasa gourmet пармезан, Молочные продукты , Сыры и сырные продукты ,77,68,55,https://roscontrol.com/
0,"Йогурт ""Вкуснотеево"" с персиком", Молочные продукты , Йогурты ,91,69,69,https://roscontrol.com/
0,"Йогурт ""ФрутоНяня"" с персиком", Молочные продукты , Йогурты ,92,56,71,https://roscontrol.com/
0,"Йогурт ""Агуша"" с персиком", Молочные продукты , Йогурты ,95,88,83,https://roscontrol.com/
0,"Биойогурт ""Слобода"" с персиком", Молочные продукты , Йогурты ,94,63,73,https://roscontrol.com/
0,"""Савушкин"" ""Греческий Teos"" с наполнителем черника", Молочные продукты , Йогурты ,87,60,77,https://roscontrol.com/
0,"Йогурт ""Савушкин продукт"" двухслойный с фруктовым наполнителем ""Киви-крыжовник""", Молочные продукты , Йогурты ,59,66,54,https://roscontrol.com/
0,Йогурт греческий Teos, Молочные продукты , Йогурты ,87,60,77,https://roscontrol.com/
0,Йогурт BIO баланс, Молочные продукты , Йогурты ,96,54,64,https://roscontrol.com/
0,"""Чудо"", ""Классический""", Молочные продукты , Йогурты ,73,79,60,https://roscontrol.com/
0,Йогурт Valio с персиком, Молочные продукты , Йогурты ,75,78,71,https://roscontrol.com/
0,"Напиток кисломолочный ""Фругурт"" 1,5%", Молочные продукты , Йогурты ,78,54,56,https://roscontrol.com/
0,"Биойогурт ""Био Баланс"" 1,5%", Молочные продукты , Йогурты ,90,72,62,https://roscontrol.com/
0,"Йогурт ""Вкуснотеево"" 1,5%", Молочные продукты , Йогурты ,95,67,65,https://roscontrol.com/
0,"Биойогурт ""Эковакино"" с персиком", Молочные продукты , Йогурты ,84,60,72,https://roscontrol.com/
0,"Йогурт ""МясновЪ / Ферма""", Молочные продукты , Йогурты ,90,50,67,https://roscontrol.com/
0,"Йогурт ""Асеньевская ферма""", Молочные продукты , Йогурты ,90,54,73,https://roscontrol.com/
0,Йогурт Valio, Молочные продукты , Йогурты ,88,53,63,https://roscontrol.com/
0,Йогурт Landliebe, Молочные продукты , Йогурты ,80,70,68,https://roscontrol.com/
0,"Эскимо ""Малиновый кактус"" пломбир с малиновым наполнителем в глазури", Молочные продукты , Мороженое ,88,100,63,https://roscontrol.com/
0,"Эскимо ""Кактус"" пломбир с клубникой в глазури", Молочные продукты , Мороженое ,88,100,65,https://roscontrol.com/
0,"""Айсберри / Филевский стаканчик"" пломбир в вафельном стаканчике", Молочные продукты , Мороженое ,75,87,66,https://roscontrol.com/
0,"""Айсберри / Филевский стаканчик"" пломбир в вафельном стаканчике", Молочные продукты , Мороженое ,79,83,67,https://roscontrol.com/
0,"Мороженое ""Чистая линия"" ""Ленинградское""", Молочные продукты , Мороженое ,85,100,73,https://roscontrol.com/
0,"Мороженое пломбир ""Чистая линия"" ""Радуга"" в печенье", Молочные продукты , Мороженое ,85,100,69,https://roscontrol.com/
0,"Мороженое пломбир ""Чистая линия"" ""Радуга"" в вафельном стаканчике", Молочные продукты , Мороженое ,83,100,70,https://roscontrol.com/
0,"Мороженое пломбир ""Чистая линия"" ""Радуга"" на палочке", Молочные продукты , Мороженое ,83,100,70,https://roscontrol.com/
0,"Мороженое пломбир ""Чистая линия"" ""Манго""", Молочные продукты , Мороженое ,85,100,65,https://roscontrol.com/
0,"Мороженое пломбир ""Чистая линия"" ""Семейное"" ванильное", Молочные продукты , Мороженое ,85,100,72,https://roscontrol.com/
0,"Эскимо ""Чистая линия""", Молочные продукты , Мороженое ,82,93,73,https://roscontrol.com/
0,"Мороженое ""Чистая линия"" эскимо в апельсиновой глазури", Молочные продукты , Мороженое ,65,85,63,https://roscontrol.com/
0,"Пломбир шоколадный ""Чистая линия"" в сахарном рожке", Молочные продукты , Мороженое ,56,95,68,https://roscontrol.com/
0,"Пломбир ""Чистая линия"" ""Лакомка Московская"" ванильный", Молочные продукты , Мороженое ,57,95,72,https://roscontrol.com/
0,"Мороженое пломбир ""Айсберри / Филёвский пломбир""", Молочные продукты , Мороженое ,65,95,66,https://roscontrol.com/
0,"""Чистая линия"" пломбир в вафельном стаканчике", Молочные продукты , Мороженое ,92,52,66,https://roscontrol.com/
0,"""Пломбироешка"" пломбир ванильный ""Чистая Линия""", Молочные продукты , Мороженое ,89,58,67,https://roscontrol.com/
0,"Пломбир ""Чистая линия"" семейное", Молочные продукты , Мороженое ,87,61,68,https://roscontrol.com/
0,"Сырок ""Вкуснотеево""", Молочные продукты , Сырки глазированные ,57,46,59,https://roscontrol.com/
0,"Сырок ""Простоквашино""", Молочные продукты , Сырки глазированные ,79,44,45,https://roscontrol.com/
0,"Сырок ""Творобушки""", Молочные продукты , Сырки глазированные ,76,37,54,https://roscontrol.com/
0,"Сырок ""Свитлогорье""", Молочные продукты , Сырки глазированные ,70,48,52,https://roscontrol.com/
0,"""Ромашкино""", Молочные продукты , Сырки глазированные ,70,42,45,https://roscontrol.com/
0,"Сырок ""Б.Ю.Александров"", в темном шоколаде", Молочные продукты , Сырки глазированные ,,, ,https://roscontrol.com/
0,"Сырок ""Билла""", Молочные продукты , Сырки глазированные ,,, ,https://roscontrol.com/
0,"Сырок ""Ростагроэкспорт""", Молочные продукты , Сырки глазированные ,,, ,https://roscontrol.com/
0,"Сырок ""Б.Ю. Александров"" в молочном шоколаде", Молочные продукты , Сырки глазированные ,,, ,https://roscontrol.com/
0,"""Воздушный Фикси-сырок"", шоколадный", Молочные продукты , Сырки глазированные ,,, ,https://roscontrol.com/
0,"""Сюрприз""", Молочные продукты , Сырки глазированные ,,, ,https://roscontrol.com/
0,"""Птичье молоко""", Молочные продукты , Сырки глазированные ,,, ,https://roscontrol.com/
0,"""Б.Ю. Александров""", Молочные продукты , Сырки глазированные ,,, ,https://roscontrol.com/
0,"""Демик""", Молочные продукты , Сырки глазированные ,,, ,https://roscontrol.com/
0,"""Воздушный Фикси-сырок"", со сгущенкой", Молочные продукты , Сырки глазированные ,,, ,https://roscontrol.com/
0,"""Воздушный Фикси-сырок"", клубничный", Молочные продукты , Сырки глазированные ,,, ,https://roscontrol.com/
0,"""Чудо""", Молочные продукты , Сырки глазированные ,,, ,https://roscontrol.com/
0,"""Ростагроэкспорт"", ""Картошка""", Молочные продукты , Сырки глазированные ,,, ,https://roscontrol.com/
0,"Творог зерненый ""Рузский""", Молочные продукты , Зернёный творог и зернёные творожные продукты ,95,84,75,https://roscontrol.com/
0,"Творог зерненый ""Искренне Ваш""", Молочные продукты , Зернёный творог и зернёные творожные продукты ,96,55,65,https://roscontrol.com/
0,"Творог зерненый ""Романов луг""", Молочные продукты , Зернёный творог и зернёные творожные продукты ,89,59,63,https://roscontrol.com/
0,"Творог зернёный ""Савушкин"", ""101 зерно + сливки"" 5%", Молочные продукты , Зернёный творог и зернёные творожные продукты ,90,78,67,https://roscontrol.com/
0,"Продукт творожный ""Простоквашино"", творожное зерно в сливках 7%", Молочные продукты , Зернёный творог и зернёные творожные продукты ,89,39,59,https://roscontrol.com/
0,"Творог зернёный ""Карат"", ""Домашний"" 4 %", Молочные продукты , Зернёный творог и зернёные творожные продукты ,89,45,58,https://roscontrol.com/
0,"Продукт творожный ""Домик в деревне"", творожное зерно в сливках 5%", Молочные продукты , Зернёный творог и зернёные творожные продукты ,70,49,59,https://roscontrol.com/
0,"Творог зерненый ""Избёнка"" 4%", Молочные продукты , Зернёный творог и зернёные творожные продукты ,,, ,https://roscontrol.com/
0,"Творог зерненый ""Залесский фермер"" 5%", Молочные продукты , Зернёный творог и зернёные творожные продукты ,,, ,https://roscontrol.com/
0,"Творог зернёный ""Милава"" 5%", Молочные продукты , Зернёный творог и зернёные творожные продукты ,,, ,https://roscontrol.com/
0,"Творог зерненый ""Волоколамский молочный завод""", Молочные продукты , Зернёный творог и зернёные творожные продукты ,,, ,https://roscontrol.com/
0,"Молоко сгущенное с сахаром ""Алексеевское""", Молочные продукты , Сгущенное молоко ,82,86,68,https://roscontrol.com/
0,"Сгущенное молоко с сахаром ""Коровка из Кореновки""", Молочные продукты , Сгущенное молоко ,67,85,64,https://roscontrol.com/
0,"Молоко сгущенное с сахаром ""Волоконовское""", Молочные продукты , Сгущенное молоко ,53,83,60,https://roscontrol.com/
0,"Молоко сгущенное с сахаром ""Совок""", Молочные продукты , Сгущенное молоко ,49,87,58,https://roscontrol.com/
0,"Молоко сгущенное с сахаром ""Молочная страна""", Молочные продукты , Сгущенное молоко ,47,83,58,https://roscontrol.com/
0,"Молоко сгущенное с сахаром ""Рогачевъ""", Молочные продукты , Сгущенное молоко ,68,75,61,https://roscontrol.com/
0,"Молоко сгущенное с сахаром ""Лента""", Молочные продукты , Сгущенное молоко ,47,38,43,https://roscontrol.com/
0,"Молоко сгущенное с сахаром ""ОАО Белгородские молочные продукты""", Молочные продукты , Сгущенное молоко ,47,68,53,https://roscontrol.com/
0,"Молоко сгущенное с сахаром ""Торговый дом ""Сметанин""", Молочные продукты , Сгущенное молоко ,47,62,50,https://roscontrol.com/
0,"Молоко сгущенное с сахаром ""Вологодские молочные продукты""", Молочные продукты , Сгущенное молоко ,53,65,55,https://roscontrol.com/
0,"Молоко сгущенное с сахаром ""Густияр""", Молочные продукты , Сгущенное молоко ,70,60,53,https://roscontrol.com/
0,"Молоко концентрированное ""Молочная страна""", Молочные продукты , Сгущенное молоко ,58,68,59,https://roscontrol.com/
0,"Молоко сгущенное с сахаром ""Глубокое""", Молочные продукты , Сгущенное молоко ,,, ,https://roscontrol.com/
0,"Молоко сгущенное с сахаром ""Главпродукт""", Молочные продукты , Сгущенное молоко ,,, ,https://roscontrol.com/
0,"Продукт молокосодержащий сгущенный ""Главпродукт"" ""Сгущёнка с сахаром юбилейная""", Молочные продукты , Сгущенное молоко ,,, ,https://roscontrol.com/
0,"Молоко сгущенное с сахаром ""Любимая классика""", Молочные продукты , Сгущенное молоко ,,, ,https://roscontrol.com/
0,"Продукт молочный ""Маша и Медведь"", ""молочный шоколад""", Молочные продукты , Сгущенное молоко ,,, ,https://roscontrol.com/
0,"Сгущенное молоко ""Маша и Медведь"", ""молочное лакомство""", Молочные продукты , Сгущенное молоко ,,, ,https://roscontrol.com/
0,Сыр мягкий Mediteraneo, Молочные продукты ," Плавленые, мягкие и творожные сыры и кремы ",86,98,79,https://roscontrol.com/
0,"Сыр ""А ла Каймак""", Молочные продукты ," Плавленые, мягкие и творожные сыры и кремы ",88,91,74,https://roscontrol.com/
0,"Сыр ""А ла Каймак""", Молочные продукты ," Плавленые, мягкие и творожные сыры и кремы ",91,97,78,https://roscontrol.com/
0,"Сыр ""Сырко"" мягкий сливочный с садовыми овощами", Молочные продукты ," Плавленые, мягкие и творожные сыры и кремы ",90,97,73,https://roscontrol.com/
0,"Сыр ""Сырко"" мягкий сливочный с луком", Молочные продукты ," Плавленые, мягкие и творожные сыры и кремы ",90,97,74,https://roscontrol.com/
0,"Сыр ""Сырко"" мягкий сливочный с огурцом и укропом", Молочные продукты ," Плавленые, мягкие и творожные сыры и кремы ",89,96,76,https://roscontrol.com/
0,"Сыр ""Сырко"" мягкий сливочный", Молочные продукты ," Плавленые, мягкие и творожные сыры и кремы ",90,98,79,https://roscontrol.com/
0,"Сыр ""Сербская брынза""", Молочные продукты ," Плавленые, мягкие и творожные сыры и кремы ",83,93,77,https://roscontrol.com/
0,Сыр мягкий Mediteraneo, Молочные продукты ," Плавленые, мягкие и творожные сыры и кремы ",86,98,79,https://roscontrol.com/
0,"Сыр плавленый ""О`кей"" сливочный", Молочные продукты ," Плавленые, мягкие и творожные сыры и кремы ",88,44,48,https://roscontrol.com/
0,Сыр плавленый Valio / Viola сливочный, Молочные продукты ," Плавленые, мягкие и творожные сыры и кремы ",76,49,47,https://roscontrol.com/
0,"Сыр плавленый ""Сыробогатов"" сливочный", Молочные продукты ," Плавленые, мягкие и творожные сыры и кремы ",90,54,56,https://roscontrol.com/
0,Сыр плавленый President сливочный, Молочные продукты ," Плавленые, мягкие и творожные сыры и кремы ",88,61,58,https://roscontrol.com/
0,"Сыр плавленый ""Карат"" сливочный", Молочные продукты ," Плавленые, мягкие и творожные сыры и кремы ",81,37,46,https://roscontrol.com/
0,Сыр плавленый Hochland сливочный, Молочные продукты ," Плавленые, мягкие и творожные сыры и кремы ",91,61,57,https://roscontrol.com/
0,Творожный сыр Almette с зеленью, Молочные продукты ," Плавленые, мягкие и творожные сыры и кремы ",58,92,55,https://roscontrol.com/
0,Творожный сыр Hochland с зеленью, Молочные продукты ," Плавленые, мягкие и творожные сыры и кремы ",62,77,52,https://roscontrol.com/
0,"Сыр ""Брынза из Углича""", Молочные продукты ," Плавленые, мягкие и творожные сыры и кремы ",86,68,66,https://roscontrol.com/
0,"Масса творожная ""Б.Ю.Александров"" ""Особая"", 23%", Молочные продукты , Изделия из творога ,70,90,64,https://roscontrol.com/
0,"Продукт творожный ""Дмитровский молочный завод""", Молочные продукты , Изделия из творога ,12,53,24,https://roscontrol.com/
0,"Масса творожная ""Киржачский молочный завод"", 9%", Молочные продукты , Изделия из творога ,50,50,58,https://roscontrol.com/
0,"Сырок ""Белая киска"", изюм", Молочные продукты , Изделия из творога ,,,0,https://roscontrol.com/
0,"Сырок ""Белая киска"", ваниль", Молочные продукты , Изделия из творога ,,,0,https://roscontrol.com/
0,"Масса творожная ""БМК / Брянский молочный комбинат""", Молочные продукты , Изделия из творога ,,, ,https://roscontrol.com/
0,"Масса творожная ""Балтком"", 23%", Молочные продукты , Изделия из творога ,,, ,https://roscontrol.com/
0,"Десерт творожный ""Семь тайн вкуса"", с ""вареной сгущенкой""", Молочные продукты , Изделия из творога ,,, ,https://roscontrol.com/
0,"Десерт творожный ""Семь Тайн Вкуса"", с ароматом ""крем-брюле""", Молочные продукты , Изделия из творога ,,, ,https://roscontrol.com/
0,"Масса творожная ""Избёнка""", Молочные продукты , Изделия из творога ,,, ,https://roscontrol.com/
0,"Молокосодержащий продукт ""Благода""", Молочные продукты , Изделия из творога ,,, ,https://roscontrol.com/
0,"Масса творожная ""Ростагроэкспорт"" ""Особая""", Молочные продукты , Изделия из творога ,,, ,https://roscontrol.com/
0,"Масса творожная ""Останкинское"" ""Московская""", Молочные продукты , Изделия из творога ,,, ,https://roscontrol.com/
0,"Масса творожная ""Фермерский продукт"" ""Особая"", 23%", Молочные продукты , Изделия из творога ,,, ,https://roscontrol.com/
0,"Масса творожная ""Ростагроэкспорт"" ""Особая"", 23%", Молочные продукты , Изделия из творога ,,, ,https://roscontrol.com/
0,"Масса творожная ""Останкинское"" ""Особая"", 23%", Молочные продукты , Изделия из творога ,,, ,https://roscontrol.com/
0,"Масса творожная ""Свитлогорье"" ""Особая"", 23%", Молочные продукты , Изделия из творога ,,, ,https://roscontrol.com/
0,Продукт творожный с черникой «Милград», Молочные продукты , Молочные десерты ,91,67,46,https://roscontrol.com/
0,Десерт творожный с черникой «Венский завтрак», Молочные продукты , Молочные десерты ,86,51,41,https://roscontrol.com/
0,Десерт творожный с черникой «Молочный гостинец /Малочны гасцiнец», Молочные продукты , Молочные десерты ,93,74,51,https://roscontrol.com/
0,Десерт творожный с черникой «Чудо», Молочные продукты , Молочные десерты ,93,71,48,https://roscontrol.com/
0,Продукт творожный с черникой «Даниссимо», Молочные продукты , Молочные десерты ,93,80,54,https://roscontrol.com/
0,"Паста творожная ""Савушкин продукт"" ""Кокос-миндаль""", Молочные продукты , Молочные десерты ,68,36,46,https://roscontrol.com/
0,Паста творожная десертная с черникой «Савушкин», Молочные продукты , Молочные десерты ,70,48,38,https://roscontrol.com/
0,Десерт творожный с черникой «Лента», Молочные продукты , Молочные десерты ,,, ,https://roscontrol.com/
0,Десерт Kidsworld, Молочные продукты , Молочные десерты ,,, ,https://roscontrol.com/
0,"Снежок ""Из Вологды/Вологжанка""", Молочные продукты , Другие кисломолочные продукты ,82,69,74,https://roscontrol.com/
0,"Снежок ""Домик в деревне""", Молочные продукты , Другие кисломолочные продукты ,82,62,71,https://roscontrol.com/
0,"Снежок ""Кубанский молочник""", Молочные продукты , Другие кисломолочные продукты ,82,63,71,https://roscontrol.com/
0,"Снежок ""Авида""", Молочные продукты , Другие кисломолочные продукты ,82,82,76,https://roscontrol.com/
0,"Снежок ""Козельские разные полезности""", Молочные продукты , Другие кисломолочные продукты ,88,45,69,https://roscontrol.com/
0,"Снежок ""Весёлый молочник""", Молочные продукты , Другие кисломолочные продукты ,88,17,61,https://roscontrol.com/
0,"Снежок ""Простоквашино""", Молочные продукты , Другие кисломолочные продукты ,82,28,64,https://roscontrol.com/
0,"Снежок ""Избёнка""", Молочные продукты , Другие кисломолочные продукты ,70,16,60,https://roscontrol.com/
0,"Снежок ""36 копеек""", Молочные продукты , Другие кисломолочные продукты ,68,35,63,https://roscontrol.com/
0,"Шубат ""Даргор"", 1,7%", Молочные продукты , Другие кисломолочные продукты ,,, ,https://roscontrol.com/
0,"Сливки ""Ашан"" 20%", Молочные продукты , Сливки ,93,75,71,https://roscontrol.com/
0,"Сливки ""Авида"" 20%", Молочные продукты , Сливки ,93,69,69,https://roscontrol.com/
0,"Сливки ""Свитлогорье"" 20%", Молочные продукты , Сливки ,93,77,72,https://roscontrol.com/
0,"Сливки ""Простоквашино"" 20%", Молочные продукты , Сливки ,93,71,71,https://roscontrol.com/
0,"Сливки Valio ультрапастеризованные, 10%", Молочные продукты , Сливки ,100,56,71,https://roscontrol.com/
0,"Сливки ""Авида"" ультрапастеризованные, 10%", Молочные продукты , Сливки ,100,69,74,https://roscontrol.com/
0,"Сливки ""Милава"" ультрапастеризованные, 10%", Молочные продукты , Сливки ,100,63,73,https://roscontrol.com/
0,"Сливки ""Простоквашино"" ультрапастеризованные, 10%", Молочные продукты , Сливки ,100,63,73,https://roscontrol.com/
0,"Сливки ""Белый город"" ультрапастеризованные, 10%", Молочные продукты , Сливки ,100,65,73,https://roscontrol.com/
0,"Сливки ""Вкуснотеево"" ультрапастеризованные, 10%", Молочные продукты , Сливки ,100,70,77,https://roscontrol.com/
0,"Сливки ""Наша семья/Лакомо""", Молочные продукты , Сливки ,100,65,74,https://roscontrol.com/
0,"Сливки ""Домик в деревне""", Молочные продукты , Сливки ,97,74,76,https://roscontrol.com/
0,"Сливки ""Домик в деревне"" 20%", Молочные продукты , Сливки ,93,43,63,https://roscontrol.com/
0,"Сливки ""Большая кружка"" 20%", Молочные продукты , Сливки ,90,24,55,https://roscontrol.com/
0,"Сливки ""О`кей"" 20%", Молочные продукты , Сливки ,93,41,61,https://roscontrol.com/
0,"Сливки ""Свитлогорье""", Молочные продукты , Сливки ,100,45,67,https://roscontrol.com/
0,"Сливки ""Каждый день"" ультрапастеризованные, 10%", Молочные продукты , Сливки ,,, ,https://roscontrol.com/
0,"Сливки ""Красная цена""", Молочные продукты , Сливки ,,, ,https://roscontrol.com/
0,"""Большая кружка""", Молочные продукты , Ряженка и варенец ,93,54,73,https://roscontrol.com/
0,"""Вологжанка""", Молочные продукты , Ряженка и варенец ,93,67,78,https://roscontrol.com/
0,"""Белый город""", Молочные продукты , Ряженка и варенец ,93,73,78,https://roscontrol.com/
0,"""Коровка из Кореновки""", Молочные продукты , Ряженка и варенец ,90,77,80,https://roscontrol.com/
0,"""Вкуснотеево""", Молочные продукты , Ряженка и варенец ,93,91,84,https://roscontrol.com/
0,"Ряженка ""Рузская""", Молочные продукты , Ряженка и варенец ,97,48,76,https://roscontrol.com/
0,Ряженка Damate, Молочные продукты , Ряженка и варенец ,93,68,80,https://roscontrol.com/
0,"Ряженка ""Останкинское""", Молочные продукты , Ряженка и варенец ,94,48,73,https://roscontrol.com/
0,"Ряженка ""Брест-Литовск""", Молочные продукты , Ряженка и варенец ,97,55,76,https://roscontrol.com/
0,"Ряженка ""Кубанский молочник""", Молочные продукты , Ряженка и варенец ,97,64,79,https://roscontrol.com/
0,"""Козельская""", Молочные продукты , Ряженка и варенец ,93,35,67,https://roscontrol.com/
0,"Ряженка ""Ростагроэкспорт"", 3,2%", Молочные продукты , Ряженка и варенец ,24,58,57,https://roscontrol.com/
0,"Ряженка ""Простоквашино"", 3,2%", Молочные продукты , Ряженка и варенец ,97,61,80,https://roscontrol.com/
0,"Ряженка ""36 копеек""", Молочные продукты , Ряженка и варенец ,97,45,73,https://roscontrol.com/
0,"""Ряженка из молока нашей дойки""", Молочные продукты , Ряженка и варенец ,,, ,https://roscontrol.com/
0,"Ряженка ""Каждый день"", 3,2%", Молочные продукты , Ряженка и варенец ,,, ,https://roscontrol.com/
0,"Ряженка ""Авида"", 3,2%", Молочные продукты , Ряженка и варенец ,,, ,https://roscontrol.com/
0,"Ряженка ""Лакомо"", 3,2%", Молочные продукты , Ряженка и варенец ,,, ,https://roscontrol.com/
0,"Простокваша ""Каждый день""", Молочные продукты , Простокваша ,85,65,73,https://roscontrol.com/
0,"Простокваша ""Останкинское""", Молочные продукты , Простокваша ,87,30,63,https://roscontrol.com/
0,"Простокваша ""Рузская""", Молочные продукты , Простокваша ,,, ,https://roscontrol.com/
0,"Простокваша ""Из Вологды / Вологжанка""", Молочные продукты , Простокваша ,,, ,https://roscontrol.com/
0,"Простокваша ""Простоквашино""", Молочные продукты , Простокваша ,,, ,https://roscontrol.com/
0,"Простокваша ""36 копеек""", Молочные продукты , Простокваша ,,, ,https://roscontrol.com/
0,"Продукт йогуртный Campina ""Нежный""", Молочные продукты , Молочные сквашенные продукты ,99,65,52,https://roscontrol.com/
0,"Колбаса ""Клинский"" ""Телячья""", Мясные продукты , Колбаса вареная ,70,56,42,https://roscontrol.com/
0,"""Окраина"", ""Русская""", Мясные продукты , Колбаса вареная ,77,77,51,https://roscontrol.com/
0,"Колбаса ""Окраина"", ""Докторская""", Мясные продукты , Колбаса вареная ,49,82,51,https://roscontrol.com/
0,"Колбаса ""Мираторг"", ""Докторская", Мясные продукты , Колбаса вареная ,56,76,46,https://roscontrol.com/
0,"""Велком"", ""Докторская""", Мясные продукты , Колбаса вареная ,49,78,51,https://roscontrol.com/
0,"""Русская"", ""МясновЪ""", Мясные продукты , Колбаса вареная ,67,63,47,https://roscontrol.com/
0,"""Ерёмкина Татьяна"", ""Докторская""", Мясные продукты , Колбаса вареная ,66,85,60,https://roscontrol.com/
0,"""Клинский"" мясокомбинат, ""Докторская""", Мясные продукты , Колбаса вареная ,59,67,46,https://roscontrol.com/
0,"""Дымов"", ""Докторская""", Мясные продукты , Колбаса вареная ,72,69,51,https://roscontrol.com/
0,"""Рублёвский"", ""Молочная""", Мясные продукты , Колбаса вареная ,57,69,47,https://roscontrol.com/
0,"""Еремкина Т.П."", ""Любительская""", Мясные продукты , Колбаса вареная ,68,64,51,https://roscontrol.com/
0,"""Окраина"", ""Молочная ГОСТ""", Мясные продукты , Колбаса вареная ,67,71,49,https://roscontrol.com/
0,"Колбаса ""Мясницкий ряд"" ""Телячья""", Мясные продукты , Колбаса вареная ,0,28,18,https://roscontrol.com/
0,"Колбаса ""Велком"" ""Телячья""", Мясные продукты , Колбаса вареная ,66,33,31,https://roscontrol.com/
0,"Колбаса ""Окраина"" ""Телячья""", Мясные продукты , Колбаса вареная ,52,39,32,https://roscontrol.com/
0,"""Рублевский"" ""Любительская""", Мясные продукты , Колбаса вареная ,60,48,43,https://roscontrol.com/
0,"""Мясницкий ряд"", ""Русская""", Мясные продукты , Колбаса вареная ,76,35,34,https://roscontrol.com/
0,"""Рублёвский"", ""Русская""", Мясные продукты , Колбаса вареная ,76,0,29,https://roscontrol.com/
0,"""Раменский деликатес"" ""Сервелат Коньячный""", Мясные продукты , Полукопченая и варено-копченая колбаса ,74,66,62,https://roscontrol.com/
0,"""БахрушинЪ"", ""Сервелат Коньячный""", Мясные продукты , Полукопченая и варено-копченая колбаса ,64,59,40,https://roscontrol.com/
0,"Колбаса полукопченая ""Мираторг"", ""Краковская"", категория Б", Мясные продукты , Полукопченая и варено-копченая колбаса ,77,58,50,https://roscontrol.com/
0,"""Велком"", сервелат финский", Мясные продукты , Полукопченая и варено-копченая колбаса ,58,36,27,https://roscontrol.com/
0,"""Рублевский"", сервелат финский", Мясные продукты , Полукопченая и варено-копченая колбаса ,54,53,41,https://roscontrol.com/
0,"""Останкино / Папа может"", сервелат финский", Мясные продукты , Полукопченая и варено-копченая колбаса ,68,16,22,https://roscontrol.com/
0,"""Останкино"" ""Сервелат Коньячный""", Мясные продукты , Полукопченая и варено-копченая колбаса ,67,55,31,https://roscontrol.com/
0,"""Микоян"" ""Сервелат Коньячный""", Мясные продукты , Полукопченая и варено-копченая колбаса ,62,54,30,https://roscontrol.com/
0,"""Ремит"" ""Сервелат Коньячный""", Мясные продукты , Полукопченая и варено-копченая колбаса ,31,50,29,https://roscontrol.com/
0,"Колбаса полукопченая ""Велком"", ""Краковская"", категория Б", Мясные продукты , Полукопченая и варено-копченая колбаса ,43,29,38,https://roscontrol.com/
0,"Колбаса полукопченая ""БахрушинЪ"", ""Краковская"", категория Б", Мясные продукты , Полукопченая и варено-копченая колбаса ,78,57,58,https://roscontrol.com/
0,"Колбаса полукопченая ""Мясной дом Бородина"", ""Краковская"", категория Б", Мясные продукты , Полукопченая и варено-копченая колбаса ,74,53,51,https://roscontrol.com/
0,"Колбаса полукопченая ""Дымов"", ""Краковская"", категория Б", Мясные продукты , Полукопченая и варено-копченая колбаса ,71,52,51,https://roscontrol.com/
0,"Колбаса полукопченая ""Ближние горки"", ""Краковская"", категория Б", Мясные продукты , Полукопченая и варено-копченая колбаса ,72,40,43,https://roscontrol.com/
0,"""Мясной дом Бородина"", сервелат финский", Мясные продукты , Полукопченая и варено-копченая колбаса ,63,15,30,https://roscontrol.com/
0,"Колбаса ""Окраина"" ""Московская""", Мясные продукты , Полукопченая и варено-копченая колбаса ,83,71,57,https://roscontrol.com/
0,"Колбаса ""Останкино"" ""Московская""", Мясные продукты , Полукопченая и варено-копченая колбаса ,50,55,45,https://roscontrol.com/
0,"Колбаса ""Ремит"", сервелат", Мясные продукты , Полукопченая и варено-копченая колбаса ,66,33,46,https://roscontrol.com/
0,"Сардельки ""Малаховский"" ""Докторские""", Мясные продукты , Сосиски и сардельки ,66,41,27,https://roscontrol.com/
0,"Сардельки ""Окраина"" ""Докторские""", Мясные продукты , Сосиски и сардельки ,68,41,36,https://roscontrol.com/
0,"Сардельки ""Рублевский"" ""Докторские"", категория Б", Мясные продукты , Сосиски и сардельки ,70,41,31,https://roscontrol.com/
0,"Сосиски ""Дымов"" молочные", Мясные продукты , Сосиски и сардельки ,68,81,54,https://roscontrol.com/
0,"Сосиски ""Микоян"" ""Венские""", Мясные продукты , Сосиски и сардельки ,69,57,36,https://roscontrol.com/
0,"Сосиски ""Снежана"" ""Венские""", Мясные продукты , Сосиски и сардельки ,64,59,31,https://roscontrol.com/
0,"Сосиски ""Вкусвилл"" ""Венские""", Мясные продукты , Сосиски и сардельки ,67,76,63,https://roscontrol.com/
0,"Сосиски ""МясновЪ/Черкизово"" ""Венские""", Мясные продукты , Сосиски и сардельки ,48,57,26,https://roscontrol.com/
0,"Сосиски ""Черкизово"" молочные", Мясные продукты , Сосиски и сардельки ,63,73,51,https://roscontrol.com/
0,"Сардельки докторские ""Ближние горки""", Мясные продукты , Сосиски и сардельки ,59,56,32,https://roscontrol.com/
0,"Сардельки телячьи ""Сетунь""", Мясные продукты , Сосиски и сардельки ,64,52,29,https://roscontrol.com/
0,"Сардельки докторские ""Клинский""", Мясные продукты , Сосиски и сардельки ,60,58,39,https://roscontrol.com/
0,"Сардельки докторские ""Останкино""", Мясные продукты , Сосиски и сардельки ,64,22,22,https://roscontrol.com/
0,"Шпикачки ""Велком""", Мясные продукты , Сосиски и сардельки ,77,71,54,https://roscontrol.com/
0,"Шпикачки ""Каждый день""", Мясные продукты , Сосиски и сардельки ,75,60,37,https://roscontrol.com/
0,"Шпикачки ""Микоян"", ""Столичные""", Мясные продукты , Сосиски и сардельки ,67,43,32,https://roscontrol.com/
0,"Сосиски ""Русский сорт"", молочные", Мясные продукты , Сосиски и сардельки ,66,87,59,https://roscontrol.com/
0,"Сосиски ""Мясновъ"", молочные", Мясные продукты , Сосиски и сардельки ,45,72,48,https://roscontrol.com/
0,"Ветчина ""Окраина"", ""Для завтрака"", категория А", Мясные продукты , Ветчина ,55,79,55,https://roscontrol.com/
0,"Ветчина ""Микоян"", ""Московская""", Мясные продукты , Ветчина ,53,77,38,https://roscontrol.com/
0,"Ветчина ""Папа может"", ""Для завтрака""", Мясные продукты , Ветчина ,56,51,27,https://roscontrol.com/
0,"Ветчина ""Мяснов/Черкизово"", ""Для завтрака"", категория А", Мясные продукты , Ветчина ,,, ,https://roscontrol.com/
0,"Ветчина ""Велком"", ""Для завтрака из окорока""", Мясные продукты , Ветчина ,,, ,https://roscontrol.com/
0,"Ветчина ""Мясной дом Бородина"" ""Для завтрака"", категория А", Мясные продукты , Ветчина ,,, ,https://roscontrol.com/
0,"Ветчина ""Рублёвский"", ""Для завтрака"", категория А", Мясные продукты , Ветчина ,,, ,https://roscontrol.com/
0,"Ветчина ""Ближние горки"", ""Для завтрака""", Мясные продукты , Ветчина ,,, ,https://roscontrol.com/
0,"Ветчина ""Империя вкуса"", с индейкой", Мясные продукты , Ветчина ,,, ,https://roscontrol.com/
0,"Ветчина ""Империя вкуса"", с говядиной", Мясные продукты , Ветчина ,,, ,https://roscontrol.com/
0,"Ветчина ""Малаховский"", ""Для завтрака"", категория А", Мясные продукты , Ветчина ,,, ,https://roscontrol.com/
0,"Ветчина ""Клинский"" ""Для завтрака"", категория А", Мясные продукты , Ветчина ,,, ,https://roscontrol.com/
0,"Ветчина ""Эколь"", ""К завтраку Халяль"", категория А", Мясные продукты , Ветчина ,,, ,https://roscontrol.com/
0,"Ветчина ""Чернышихинские колбасы"", ""Для завтрака"", категория А", Мясные продукты , Ветчина ,,, ,https://roscontrol.com/
0,"Фарш ""Мираторг"" говяжий, категория Б", Мясные продукты , Фарш ,81,70,70,https://roscontrol.com/
0,"Фарш ""Самсон"" говяжий, категория А", Мясные продукты , Фарш ,78,83,72,https://roscontrol.com/
0,"Фарш ""Самсон"" ""Домашний""", Мясные продукты , Фарш ,78,92,77,https://roscontrol.com/
0,"""Предложение мясника"", домашний", Мясные продукты , Фарш ,83,88,78,https://roscontrol.com/
0,"""Рамфуд"", ""Любительский""", Мясные продукты , Фарш ,73,79,71,https://roscontrol.com/
0,"""Эколь"", говяжий", Мясные продукты , Фарш ,49,74,65,https://roscontrol.com/
0,"Фарш ""Перекресток"" ""Домашний""", Мясные продукты , Фарш ,29,63,60,https://roscontrol.com/
0,"Фарш ""Ашан"" ""Домашний""", Мясные продукты , Фарш ,50,70,60,https://roscontrol.com/
0,"Фарш Selgros ""Домашний""", Мясные продукты , Фарш ,19,83,56,https://roscontrol.com/
0,"Фарш ""Мясновъ"" говяжий, категория А", Мясные продукты , Фарш ,79,54,64,https://roscontrol.com/
0,"Фарш ""Рамфуд"" говяжий, категория А", Мясные продукты , Фарш ,78,47,68,https://roscontrol.com/
0,"Фарш ""Мираторг"" ""Домашний""", Мясные продукты , Фарш ,65,63,62,https://roscontrol.com/
0,"Фарш ""Азбука вкуса"" ""Домашний""", Мясные продукты , Фарш ,,, ,https://roscontrol.com/
0,"Фарш ""О'Кей"" ""Домашний""", Мясные продукты , Фарш ,,, ,https://roscontrol.com/
0,"Фарш ""Карусель"" ""Домашний""", Мясные продукты , Фарш ,,, ,https://roscontrol.com/
0,"Фарш ""МясновЪ"" ""Домашний""", Мясные продукты , Фарш ,,, ,https://roscontrol.com/
0,"Фарш ""Останкино"" говяжий, категория Б", Мясные продукты , Фарш ,,, ,https://roscontrol.com/
0,"Фарш ""Черкизово"" ""Домашний""", Мясные продукты , Фарш ,,, ,https://roscontrol.com/
0,"Говядина тушеная ""Йошкар-Олинский мясокомбинат"", высший сорт", Мясные продукты , Мясные консервы ,70,67,65,https://roscontrol.com/
0,"Свинина тушеная ""Честный продукт "", высший сорт", Мясные продукты , Мясные консервы ,72,70,66,https://roscontrol.com/
0,"Свинина тушеная ""БАРС"", высший сорт", Мясные продукты , Мясные консервы ,70,59,60,https://roscontrol.com/
0,"Свинина тушеная ""Йошкар-Олинский мясокомбинат"", высший сорт", Мясные продукты , Мясные консервы ,69,69,62,https://roscontrol.com/
0,"Свинина тушеная ""Главпродукт"", ""Экстра"", высший сорт", Мясные продукты , Мясные консервы ,58,60,61,https://roscontrol.com/
0,"Свинина тушеная ""ГРОДФУД""", Мясные продукты , Мясные консервы ,58,55,58,https://roscontrol.com/
0,"Говядина тушеная ""Гродфуд"", первый сорт", Мясные продукты , Мясные консервы ,72,54,60,https://roscontrol.com/
0,"Говядина тушеная ""Йошкар-Олинский мясокомбинат"" высший сорт", Мясные продукты , Мясные консервы ,69,38,60,https://roscontrol.com/
0,"Свинина тушеная ""Ремит"", высший сорт", Мясные продукты , Мясные консервы ,74,49,60,https://roscontrol.com/
0,"Свинина тушеная ""Мясницкий ряд"", высший сорт", Мясные продукты , Мясные консервы ,73,35,55,https://roscontrol.com/
0,"Говядина тушеная ""Сохраним традиции"" ""Премиум"", высший сорт", Мясные продукты , Мясные консервы ,53,32,47,https://roscontrol.com/
0,"Говядина тушеная ""Столетовский мясной двор"" высший сорт", Мясные продукты , Мясные консервы ,,, ,https://roscontrol.com/
0,"Говядина тушеная ""Главпродукт"" высший сорт", Мясные продукты , Мясные консервы ,,, ,https://roscontrol.com/
0,"Говядина тушеная ""Великолукский мясокомбинат"" высший сорт", Мясные продукты , Мясные консервы ,,, ,https://roscontrol.com/
0,"Говядина тушеная ""Елинский"" высший сорт", Мясные продукты , Мясные консервы ,,, ,https://roscontrol.com/
0,"Говядина тушеная ""О'кей"", высший сорт", Мясные продукты , Мясные консервы ,,, ,https://roscontrol.com/
0,"Говядина тушеная ""Курганский стандарт"", высший сорт", Мясные продукты , Мясные консервы ,,, ,https://roscontrol.com/
0,"Говядина тушеная ""Неприкосновенный запас"", высший сорт", Мясные продукты , Мясные консервы ,,, ,https://roscontrol.com/
0,"Шпик ""Микоян"" по-домашнему", Мясные продукты , Мясная гастрономия ,94,46,61,https://roscontrol.com/
0,"Буженина ""Рублёвский"" запеченная", Мясные продукты , Мясная гастрономия ,74,64,46,https://roscontrol.com/
0,"Буженина ""Папа может / Останкино""", Мясные продукты , Мясная гастрономия ,73,37,29,https://roscontrol.com/
0,"Буженина ""Мясной дом Бородина"" запеченная", Мясные продукты , Мясная гастрономия ,71,77,74,https://roscontrol.com/
0,"Буженина ""Ближние горки"" запеченная", Мясные продукты , Мясная гастрономия ,79,69,65,https://roscontrol.com/
0,"Буженина ""Ремит"" запеченная", Мясные продукты , Мясная гастрономия ,76,77,66,https://roscontrol.com/
0,"Шпик ""Марти"" домашний", Мясные продукты , Мясная гастрономия ,74,51,60,https://roscontrol.com/
0,Бекон Horeca, Мясные продукты , Мясная гастрономия ,46,57,43,https://roscontrol.com/
0,"Бекон ""Ремит""", Мясные продукты , Мясная гастрономия ,51,61,39,https://roscontrol.com/
0,"Бекон ""Царицыно""", Мясные продукты , Мясная гастрономия ,54,42,42,https://roscontrol.com/
0,"Бекон ""Дымов""", Мясные продукты , Мясная гастрономия ,55,41,26,https://roscontrol.com/
0,"Бекон ""Окраина""", Мясные продукты , Мясная гастрономия ,58,29,34,https://roscontrol.com/
0,"Бекон ""Велком""", Мясные продукты , Мясная гастрономия ,52,30,36,https://roscontrol.com/
0,"Грудинка ""Ремит""", Мясные продукты , Мясная гастрономия ,49,45,29,https://roscontrol.com/
0,"Шейка ""Ремит"" варёно-копчёная", Мясные продукты , Мясная гастрономия ,51,52,31,https://roscontrol.com/
0,"Шейка ""Останкино"", ""Столичная"" варёно-копчёная", Мясные продукты , Мясная гастрономия ,57,62,36,https://roscontrol.com/
0,Шпик Fine Life по-домашнему, Мясные продукты , Мясная гастрономия ,61,48,48,https://roscontrol.com/
0,"Шпик ""Таганский мясокомбинат"" по-домашнему", Мясные продукты , Мясная гастрономия ,90,21,57,https://roscontrol.com/
0,"Паштет печеночный ""Йошкар-Олинский мясокомбинат""", Мясные продукты , Паштеты ,93,74,71,https://roscontrol.com/
0,Паштет Setra из куриной печени, Мясные продукты , Паштеты ,63,3,29,https://roscontrol.com/
0,"Паштет ""Главпродукт"" из куриной печени", Мясные продукты , Паштеты ,58,28,34,https://roscontrol.com/
0,"Паштет ""Каждый день"" с куриной печенью", Мясные продукты , Паштеты ,62,7,21,https://roscontrol.com/
0,Паштет Argeta из куриной печени, Мясные продукты , Паштеты ,63,10,31,https://roscontrol.com/
0,Паштет Argeta куриный, Мясные продукты , Паштеты ,68,21,36,https://roscontrol.com/
0,"Паштет ""Гродфуд"" куриный печеночный", Мясные продукты , Паштеты ,60,4,20,https://roscontrol.com/
0,"Паштет печёночный ""ОК""", Мясные продукты , Паштеты ,47,27,36,https://roscontrol.com/
0,Паштет Hungrow из куриной печени, Мясные продукты , Паштеты ,,, ,https://roscontrol.com/
0,"Паштет ""Дачник"" печеночный куриный", Мясные продукты , Паштеты ,,, ,https://roscontrol.com/
0,"Паштет мясной ""Кругосвет"", ""Егорьевская фабрика""", Мясные продукты , Паштеты ,,, ,https://roscontrol.com/
0,"Паштет ""Печёночный"", ""Рублёвский""", Мясные продукты , Паштеты ,,, ,https://roscontrol.com/
0,"Паштет ""Печёночный"", ""ОМПК""", Мясные продукты , Паштеты ,,, ,https://roscontrol.com/
0,Паштет печёночный Pate Grand-Mere классический, Мясные продукты , Паштеты ,,, ,https://roscontrol.com/
0,"Пельмени ""Бийские"" с говядиной и свининой", Мясные продукты , Пельмени и хинкали ,92,58,71,https://roscontrol.com/
0,"Пельмени ""Бийские"" с говядиной и свининой, ручная лепка", Мясные продукты , Пельмени и хинкали ,85,57,69,https://roscontrol.com/
0,"Пельмени ""Sибирская коллекция"" ""Домашние""", Мясные продукты , Пельмени и хинкали ,89,55,75,https://roscontrol.com/
0,"Пельмени ""Стародворье"" из свинины и говядины", Мясные продукты , Пельмени и хинкали ,66,34,38,https://roscontrol.com/
0,"Пельмени ""Мираторг"" ""Домашние""", Мясные продукты , Пельмени и хинкали ,93,65,76,https://roscontrol.com/
0,"Пельмени ""Рязанские"" с говядиной и свининой", Мясные продукты , Пельмени и хинкали ,76,27,66,https://roscontrol.com/
0,"Пельмени ""Цезарь"", ""Классические", Мясные продукты , Пельмени и хинкали ,89,28,63,https://roscontrol.com/
0,"Пельмени ""Сибирская коллекция"" ""Новосибирские""", Мясные продукты , Пельмени и хинкали ,89,56,72,https://roscontrol.com/
0,"Пельмени ""Желтая подводная лодка"" с говядиной и свининой", Мясные продукты , Пельмени и хинкали ,83,47,68,https://roscontrol.com/
0,"Пельмени ""Мыс Алтая"" с говядиной и свининой", Мясные продукты , Пельмени и хинкали ,94,56,74,https://roscontrol.com/
0,"Пельмени ""Сибирская коллекция"", ""Сибирские""", Мясные продукты , Пельмени и хинкали ,87,54,79,https://roscontrol.com/
0,"Пельмени ""Окраина"", ""Сибирские""", Мясные продукты , Пельмени и хинкали ,86,30,55,https://roscontrol.com/
0,"Пельмени ""Останкино"", ""Папа может""", Мясные продукты , Пельмени и хинкали ,75,55,58,https://roscontrol.com/
0,"Пельмени ""Окраина"", ""Домашние""", Мясные продукты , Пельмени и хинкали ,81,64,69,https://roscontrol.com/
0,"Пельмени ""Ложкаревъ"", ""Из отборной говядины""", Мясные продукты , Пельмени и хинкали ,88,22,56,https://roscontrol.com/
0,"Пельмени ""Цезарь"" ""Домашние""", Мясные продукты , Пельмени и хинкали ,83,56,59,https://roscontrol.com/
0,"Пельмени ""Рублёвский"" ""Сибирские""", Мясные продукты , Пельмени и хинкали ,98,33,67,https://roscontrol.com/
0,"Пельмени ""Останкинские"", ""Традиционные""", Мясные продукты , Пельмени и хинкали ,88,21,46,https://roscontrol.com/
0,"Колбаса ""Микоян"", ""Для поста"" с паприкой", Мясные продукты , Аналоги мясных продуктов ,,, ,https://roscontrol.com/
0,"Паштет ""Микоян"", ""Для поста""", Мясные продукты , Аналоги мясных продуктов ,,, ,https://roscontrol.com/
0,"Сосиски ""Микоян"", ""Постные с капустой""", Мясные продукты , Аналоги мясных продуктов ,,, ,https://roscontrol.com/
0,"Сосиски ""Микоян"", ""Постные с паприкой""", Мясные продукты , Аналоги мясных продуктов ,,, ,https://roscontrol.com/
0,"Свиной окорок ""Мираторг"", категория А", Мясные продукты , Мясо ,71,57,67,https://roscontrol.com/
0,"Свиной окорок ""Черкизово"", категория А", Мясные продукты , Мясо ,56,55,64,https://roscontrol.com/
0,"Свиной окорок Selgros, категория А", Мясные продукты , Мясо ,63,92,75,https://roscontrol.com/
0,"Свиной окорок ""Гиперглобус"" (Globus), категория А", Мясные продукты , Мясо ,68,73,74,https://roscontrol.com/
0,"Свиной окорок ""МясновЪ"", категория Б", Мясные продукты , Мясо ,61,75,71,https://roscontrol.com/
0,"Эскалоп свиной ""Ашан""", Мясные продукты , Мясо ,80,100,79,https://roscontrol.com/
0,Стейк свиной Globus, Мясные продукты , Мясо ,73,100,81,https://roscontrol.com/
0,Стейк свиной Selgros, Мясные продукты , Мясо ,77,72,74,https://roscontrol.com/
0,"Стейк свиной ""Мираторг""", Мясные продукты , Мясо ,83,77,75,https://roscontrol.com/
0,Шейка свиная Selgros, Мясные продукты , Мясо ,73,76,73,https://roscontrol.com/
0,"Свиной окорок ""Азбука Вкуса""", Мясные продукты , Мясо ,73,54,73,https://roscontrol.com/
0,"Свиной окорок ""О'кей"", категория А", Мясные продукты , Мясо ,65,65,72,https://roscontrol.com/
0,"Свиной окорок ""Карусель/Перекресток"", категория Б", Мясные продукты , Мясо ,73,89,79,https://roscontrol.com/
0,"Свиная шейка ""ВкусВилл""", Мясные продукты , Мясо ,81,97,82,https://roscontrol.com/
0,"Свиная шейка ""Черкизово""", Мясные продукты , Мясо ,81,66,71,https://roscontrol.com/
0,"Свиная шейка ""Мясное изобилие""", Мясные продукты , Мясо ,86,71,74,https://roscontrol.com/
0,"Свиной окорок ""Слово мясника"", категория А", Мясные продукты , Мясо ,64,46,56,https://roscontrol.com/
0,"Свиной окорок ""Промагро"", категория А", Мясные продукты , Мясо ,71,5,53,https://roscontrol.com/
0,Колбаса сырокопченая «Брауншвейгская полусухая» «Окраина», Мясные продукты , Сырокопченая колбаса ,74,36,46,https://roscontrol.com/
0,Колбаса сырокопченая «Брауншвейгская полусухая» «Рублевский», Мясные продукты , Сырокопченая колбаса ,2,37,47,https://roscontrol.com/
0,Колбаса сырокопченая «Брауншвейгская полусухая» «Останкино», Мясные продукты , Сырокопченая колбаса ,73,61,52,https://roscontrol.com/
0,Колбаса сырокопченая «Брауншвейгская полусухая» «Велком», Мясные продукты , Сырокопченая колбаса ,79,52,51,https://roscontrol.com/
0,Колбаса сырокопченая «Брауншвейгская полусухая» «Клинский», Мясные продукты , Сырокопченая колбаса ,81,53,50,https://roscontrol.com/
0,Колбаса сырокопченая «Брауншвейгская полусухая» «Дымов», Мясные продукты , Сырокопченая колбаса ,74,63,52,https://roscontrol.com/
0,Колбаса сырокопченая «Брауншвейгская полусухая» «Малаховский», Мясные продукты , Сырокопченая колбаса ,,, ,https://roscontrol.com/
0,"Колбаса сырокопченая ""Брауншвейгская полусухая"" ""Ближние горки""", Мясные продукты , Сырокопченая колбаса ,,, ,https://roscontrol.com/
0,"Ребрышки ""Ашан""", Мясные продукты , Полуфабрикаты мясные ,80,56,46,https://roscontrol.com/
0,"Ребрышки ""Мясновъ""", Мясные продукты , Полуфабрикаты мясные ,68,79,62,https://roscontrol.com/
0,"Ребрышки ""Черкизово""", Мясные продукты , Полуфабрикаты мясные ,79,80,60,https://roscontrol.com/
0,"Ребрышки ""Мираторг"" ""Барбекю""", Мясные продукты , Полуфабрикаты мясные ,74,81,58,https://roscontrol.com/
0,"Колбаски ""Мираторг"" из говядины", Мясные продукты , Полуфабрикаты мясные ,79,70,58,https://roscontrol.com/
0,Купаты Selgros с паприкой, Мясные продукты , Полуфабрикаты мясные ,65,58,54,https://roscontrol.com/
0,"Купаты ""Мираторг"" из свинины, категория В", Мясные продукты , Полуфабрикаты мясные ,75,71,62,https://roscontrol.com/
0,"Шашлык ""Малаховский", Мясные продукты , Полуфабрикаты мясные ,68,83,54,https://roscontrol.com/
0,"Ребрышки ""Самсон / Гриль мания""", Мясные продукты , Полуфабрикаты мясные ,63,60,37,https://roscontrol.com/
0,"Ребрышки ""Ближние Горки"" ""Пикантные""", Мясные продукты , Полуфабрикаты мясные ,59,61,42,https://roscontrol.com/
0,"Колбаски ""Самсон из говядины", Мясные продукты , Полуфабрикаты мясные ,71,15,34,https://roscontrol.com/
0,"Колбаски ""О'кей"" из говядины", Мясные продукты , Полуфабрикаты мясные ,83,20,42,https://roscontrol.com/
0,"Колбаски ""НДК (Азбука вкуса)"" из говядины и свинины", Мясные продукты , Полуфабрикаты мясные ,69,45,48,https://roscontrol.com/
0,"Колбаски ""Ашан / Фильер"" из говядины", Мясные продукты , Полуфабрикаты мясные ,83,40,40,https://roscontrol.com/
0,"Купаты ""Рестория"" ""Московские, категория Б", Мясные продукты , Полуфабрикаты мясные ,71,57,53,https://roscontrol.com/
0,"Ребрышки ""Globus / Мясной цех""", Мясные продукты , Полуфабрикаты мясные ,,, ,https://roscontrol.com/
0,Колбаски Globus для гриля, Мясные продукты , Полуфабрикаты мясные ,,, ,https://roscontrol.com/
0,"Колбаски ""МясновЪ"" ""Баварские""", Мясные продукты , Полуфабрикаты мясные ,,, ,https://roscontrol.com/
0,"Язык говяжий ""Мираторг""", Мясные продукты , Субпродукты мясные ,79,32,59,https://roscontrol.com/
0,"Язык говяжий ""Перекрёсток""", Мясные продукты , Субпродукты мясные ,55,39,57,https://roscontrol.com/
0,"Язык говяжий ""Ашан / Мясное изобилие""", Мясные продукты , Субпродукты мясные ,74,47,67,https://roscontrol.com/
0,Язык говяжий Metro, Мясные продукты , Субпродукты мясные ,66,40,56,https://roscontrol.com/
0,"Язык говяжий ""О`Кей""", Мясные продукты , Субпродукты мясные ,52,30,52,https://roscontrol.com/
0,Язык говяжий Selgros, Мясные продукты , Субпродукты мясные ,32,31,49,https://roscontrol.com/
0,"Язык говяжий ""Карусель""", Мясные продукты , Субпродукты мясные ,,, ,https://roscontrol.com/
0,"Тушка цыпленка-бройлера ""Чернышихинское мясо""", Птица , Тушка цыпленка бройлера ,67,60,67,https://roscontrol.com/
0,"Тушка цыплёнка-бройлера ""Первая свежесть""", Птица , Тушка цыпленка бройлера ,80,60,68,https://roscontrol.com/
0,"Тушка цыпленка-бройлера ""Петелинка""", Птица , Тушка цыпленка бройлера ,85,50,70,https://roscontrol.com/
0,"Тушка цыплёнка-бройлера ""ВкусВилл""", Птица , Тушка цыпленка бройлера ,81,60,74,https://roscontrol.com/
0,"Тушка цыпленка-бройлера ""Ясные зори""", Птица , Тушка цыпленка бройлера ,83,58,73,https://roscontrol.com/
0,"Тушка цыпленка бройлера ""Латифа Халяль""", Птица , Тушка цыпленка бройлера ,79,43,65,https://roscontrol.com/
0,"Тушка цыпленка-бройлера ""Мираторг""", Птица , Тушка цыпленка бройлера ,74,41,61,https://roscontrol.com/
0,"Тушка цыпленка-бройлера ""Верхневолжская птицефабрика""", Птица , Тушка цыпленка бройлера ,68,0,56,https://roscontrol.com/
0,"Тушка цыпленка-бройлера ""Акашево""", Птица , Тушка цыпленка бройлера ,72,0,55,https://roscontrol.com/
0,"Тушка цыплёнка-бройлера ""Белая птица""", Птица , Тушка цыпленка бройлера ,60,0,55,https://roscontrol.com/
0,"Тушка цыплёнка-бройлера ""Троекурово""", Птица , Тушка цыпленка бройлера ,64,0,48,https://roscontrol.com/
0,"Тушка цыпленка-бройлера ""Приосколье""", Птица , Тушка цыпленка бройлера ,75,36,65,https://roscontrol.com/
0,"Тушка цыпленка-бройлера ""Первым делом""", Птица , Тушка цыпленка бройлера ,78,23,64,https://roscontrol.com/
0,"Тушка цыпленка-бройлера ""Домашняя курочка""", Птица , Тушка цыпленка бройлера ,,, ,https://roscontrol.com/
0,"Тушка цыпленка бройлера ""Петруха""", Птица , Тушка цыпленка бройлера ,,, ,https://roscontrol.com/
0,"Тушка цыпленка-бройлера ""Моссельпром""", Птица , Тушка цыпленка бройлера ,,, ,https://roscontrol.com/
0,"Тушка цыплёнка-бройлера ""Кудашка"" для детского питания", Птица , Тушка цыпленка бройлера ,,, ,https://roscontrol.com/
0,"Тушка цыпленка бройлера ""Куриное царство""", Птица , Тушка цыпленка бройлера ,,, ,https://roscontrol.com/
0,"Окорочок цыплят-бройлеров ""Первая свежесть""", Птица , Полуфабрикаты из цыпленка бройлера ,78,58,69,https://roscontrol.com/
0,"Крыло цыплят бройлеров ""Первая свежесть""", Птица , Полуфабрикаты из цыпленка бройлера ,80,42,67,https://roscontrol.com/
0,"Шашлык ""Петелинка"" куриный", Птица , Полуфабрикаты из цыпленка бройлера ,27,66,53,https://roscontrol.com/
0,"Шашлык ""Мираторг"" куриный", Птица , Полуфабрикаты из цыпленка бройлера ,20,56,44,https://roscontrol.com/
0,"Бедро цыплят-бройлеров с кожей ""Каждый день""", Птица , Полуфабрикаты из цыпленка бройлера ,75,76,74,https://roscontrol.com/
0,"Голень цыплят-бройлеров с кожей ""Ярославский бройлер""", Птица , Полуфабрикаты из цыпленка бройлера ,83,64,71,https://roscontrol.com/
0,"Голень цыплят-бройлеров с кожей ""Первая свежесть""", Птица , Полуфабрикаты из цыпленка бройлера ,81,55,70,https://roscontrol.com/
0,"Крыло цыплят бройлеров ""Белая птица / Халяль""", Птица , Полуфабрикаты из цыпленка бройлера ,56,27,60,https://roscontrol.com/
0,"Окорочок цыплят-бройлеров ""ВкусВилл""", Птица , Полуфабрикаты из цыпленка бройлера ,47,73,62,https://roscontrol.com/
0,"Крыло цыплят бройлеров ""Ясные зори""", Птица , Полуфабрикаты из цыпленка бройлера ,0,37,45,https://roscontrol.com/
0,"Крыло цыплят бройлеров ""Петелинка""", Птица , Полуфабрикаты из цыпленка бройлера ,0,40,45,https://roscontrol.com/
0,Бедро цыплят-бройлеров Servilux, Птица , Полуфабрикаты из цыпленка бройлера ,28,74,62,https://roscontrol.com/
0,"Бедро цыплят-бройлеров с кожей ""Ясные зори""", Птица , Полуфабрикаты из цыпленка бройлера ,21,77,60,https://roscontrol.com/
0,"Окорочок цыплят-бройлеров ""Куриное царство""", Птица , Полуфабрикаты из цыпленка бройлера ,49,44,55,https://roscontrol.com/
0,"Окорочок цыплят-бройлеров ""Латифа Халяль""", Птица , Полуфабрикаты из цыпленка бройлера ,51,44,55,https://roscontrol.com/
0,"Окорочок цыплят-бройлеров ""Ярославский бройлер""", Птица , Полуфабрикаты из цыпленка бройлера ,53,31,52,https://roscontrol.com/
0,"Окорочок цыплят-бройлеров ""Приосколье""", Птица , Полуфабрикаты из цыпленка бройлера ,47,29,52,https://roscontrol.com/
0,"Окорочок цыплят-бройлеров ""Моссельпром""", Птица , Полуфабрикаты из цыпленка бройлера ,48,44,56,https://roscontrol.com/
0,"Филе цыпленка-бройлера без кожи ""Мираторг""", Птица , Филе ,76,73,71,https://roscontrol.com/
0,"Филе цыпленка-бройлера ""Ярославский бройлер""", Птица , Филе ,76,63,68,https://roscontrol.com/
0,"Филе цыпленка-бройлера без кожи ""Петелинка""", Птица , Филе ,73,69,69,https://roscontrol.com/
0,"Филе индейки ""Краснобор""", Птица , Филе ,77,67,68,https://roscontrol.com/
0,"Филе бедра цыплят-бройлеров без кожи ""Ярославский бройлер""", Птица , Филе ,52,51,58,https://roscontrol.com/
0,"Филе бедра цыплят-бройлеров без кожи ""Первая свежесть""", Птица , Филе ,76,54,64,https://roscontrol.com/
0,"Филе бедра цыплят-бройлеров без кожи ""Рококо""", Птица , Филе ,73,52,63,https://roscontrol.com/
0,"Филе бедра цыплят-бройлеров без кожи ""Петелинка""", Птица , Филе ,72,41,61,https://roscontrol.com/
0,"Филе индейки ""Индис""", Птица , Филе ,42,47,56,https://roscontrol.com/
0,"Филе индейки ""Пава Пава""", Птица , Филе ,57,59,60,https://roscontrol.com/
0,"Филе индейки ""Индилайт""", Птица , Филе ,77,25,57,https://roscontrol.com/
0,"Филе цыпленка-бройлера без кожи ""Первая свежесть""", Птица , Филе ,51,59,61,https://roscontrol.com/
0,"Филе бедра индейки ""Краснобор""", Птица , Филе ,60,0,48,https://roscontrol.com/
0,"Филе бедра индейки ""Индолина""", Птица , Филе ,55,14,52,https://roscontrol.com/
0,"Филе бедра цыплят-бройлеров без кожи ""Белая птица""", Птица , Филе ,75,28,58,https://roscontrol.com/
0,"Филе индейки ""ВкусВилл""", Птица , Филе ,54,17,50,https://roscontrol.com/
0,"Филе цыпленка-бройлера ""Латифа Халяль""", Птица , Филе ,,, ,https://roscontrol.com/
0,"Филе бедра индейки ""ВкусВилл""", Птица , Филе ,,, ,https://roscontrol.com/
0,"Куриная печень ""Ржевское подворье"" охлаждённая", Птица , Печень ,53,69,63,https://roscontrol.com/
0,"Куриная печень ""Ярославский бройлер"" охлаждённая", Птица , Печень ,46,67,57,https://roscontrol.com/
0,"Куриная печень ""Ясные зори"" охлаждённая", Птица , Печень ,58,68,60,https://roscontrol.com/
0,"Куриная печень ""Белая птица"" охлаждённая", Птица , Печень ,58,67,62,https://roscontrol.com/
0,"Куриная печень ""Петелинка"" охлаждённая", Птица , Печень ,70,49,62,https://roscontrol.com/
0,"Куриная печень ""Мираторг"" охлаждённая", Птица , Печень ,61,70,63,https://roscontrol.com/
0,"Куриная печень ""Приосколье"" охлаждённая", Птица , Печень ,,, ,https://roscontrol.com/
0,"Наггетсы ""Петелинка"" куриные с сыром", Птица , Наггетсы ,81,35,48,https://roscontrol.com/
0,"Наггетсы ""Каждый день"" куриные", Птица , Наггетсы ,80,33,50,https://roscontrol.com/
0,Наггетсы Sadia куриные, Птица , Наггетсы ,83,44,56,https://roscontrol.com/
0,"Наггетсы ""Золотой петушок"" куриные", Птица , Наггетсы ,84,54,59,https://roscontrol.com/
0,"Наггетсы ""Мираторг"" куриные", Птица , Наггетсы ,84,50,53,https://roscontrol.com/
0,"Наггетсы ""Мираторг"" куриные с сыром", Птица , Наггетсы ,,, ,https://roscontrol.com/
0,Наггетсы Perfetto куриные с сыром, Птица , Наггетсы ,,, ,https://roscontrol.com/
0,"Наггетсы ""Золотой петушок"" куриные с сыром", Птица , Наггетсы ,,, ,https://roscontrol.com/
0,Наггетсы Fine life куриные с сыром, Птица , Наггетсы ,,, ,https://roscontrol.com/
0,"Наггетсы ""Дикси"" куриные", Птица , Наггетсы ,,, ,https://roscontrol.com/
0,"Наггетсы ""Наша семья"" куриные", Птица , Наггетсы ,,, ,https://roscontrol.com/
0,"Сердце цыплят-бройлеров ""Верхневолжская птицефабрика"", охлажденное", Птица , Субпродукты ,81,31,60,https://roscontrol.com/
0,"Желудки цыплят-бройлеров ""Моссельпром""", Птица , Субпродукты ,58,64,59,https://roscontrol.com/
0,"Желудки цыплят-бройлеров ""Первая свежесть""", Птица , Субпродукты ,75,66,65,https://roscontrol.com/
0,"Желудки цыплят-бройлеров ""Мираторг""", Птица , Субпродукты ,75,70,67,https://roscontrol.com/
0,"Желудки цыплят-бройлеров ""Троекурово""", Птица , Субпродукты ,76,64,63,https://roscontrol.com/
0,"Желудки цыплят-бройлеров ""Петелинка""", Птица , Субпродукты ,75,66,65,https://roscontrol.com/
0,"Сердце цыплят-бройлеров ""Первая свежесть"", охлажденное", Птица , Субпродукты ,58,0,46,https://roscontrol.com/
0,"Сердце цыплят-бройлеров ""Троекурово"", охлажденное", Птица , Субпродукты ,55,0,44,https://roscontrol.com/
0,"Сердце цыплят-бройлеров ""Петруха"", охлажденное", Птица , Субпродукты ,31,0,39,https://roscontrol.com/
0,"Сердце цыплят-бройлеров ""Петелинка"", охлажденное", Птица , Субпродукты ,56,0,46,https://roscontrol.com/
0,"Сердце цыплят-бройлеров ""Мираторг"", охлажденное", Птица , Субпродукты ,0,0,29,https://roscontrol.com/
0,"Желудки цыплят-бройлеров ""Петруха""", Птица , Субпродукты ,62,48,56,https://roscontrol.com/
0,"Сердце цыплят-бройлеров ""Ржевское подворье"", охлажденное", Птица , Субпродукты ,55,35,54,https://roscontrol.com/
0,"Желудки цыплят-бройлеров ""Ярославский бройлер""", Птица , Субпродукты ,,, ,https://roscontrol.com/
0,"Сердце цыплят-бройлеров ""Белая птица"", охлажденное", Птица , Субпродукты ,,, ,https://roscontrol.com/
0,"Сердце цыплят-бройлеров ""Ясные зори"", охлажденное", Птица , Субпродукты ,,, ,https://roscontrol.com/
0,"Фарш ""Рококо"" куриный", Птица , Фарш ,28,92,62,https://roscontrol.com/
0,"Фарш ""Петелинка"" куриный", Птица , Фарш ,23,0,29,https://roscontrol.com/
0,"Фарш ""Каждый день"" куриный", Птица , Фарш ,,, ,https://roscontrol.com/
0,"Фарш ""Троекурово"" куриный", Птица , Фарш ,,, ,https://roscontrol.com/
0,"Фарш ""Моссельпром"" куриный", Птица , Фарш ,,, ,https://roscontrol.com/
0,"Рулет ""Ремит"" ""Нежный"" куриный", Птица , Гастрономия ,63,56,42,https://roscontrol.com/
0,"Окорочок цыпленка-бройлера ""Каждый день"" варено-копченый", Птица , Гастрономия ,23,57,37,https://roscontrol.com/
0,"Рулет ""БахрушинЪ"" куриный", Птица , Гастрономия ,38,38,34,https://roscontrol.com/
0,"Рулет ""Снежана"" куриный", Птица , Гастрономия ,54,29,26,https://roscontrol.com/
0,"Рулет ""Мясницкий ряд"" ""Полтавский"" куриный", Птица , Гастрономия ,53,39,28,https://roscontrol.com/
0,Окорочок цыпленка-бройлера Selgros копчено-вареный, Птица , Гастрономия ,18,61,42,https://roscontrol.com/
0,"Рулет ""Таганский мясокомбинат"" ""Деликатесный"" куриный", Птица , Гастрономия ,,, ,https://roscontrol.com/
0,"Рулет ""ВкусВилл"" куриный", Птица , Гастрономия ,,, ,https://roscontrol.com/
0,"Рулет ""Окраина"" куриный", Птица , Гастрономия ,,, ,https://roscontrol.com/
0,"Рулет ""Сафа"" куриный", Птица , Гастрономия ,,, ,https://roscontrol.com/
0,"Рулет ""Усадьба Горбунова"" ""Оригинальный""куриный", Птица , Гастрономия ,,, ,https://roscontrol.com/
0,"Окорочок цыпленка-бройлера ""Коптильный двор"" варено-копченый", Птица , Гастрономия ,,, ,https://roscontrol.com/
0,"Окорочок цыпленка-бройлера ""Деревенский завтрак"" варено-копченый", Птица , Гастрономия ,,, ,https://roscontrol.com/
0,"Окорочок цыпленка-бройлера ""Рублёвский"" копчено-вареный", Птица , Гастрономия ,,, ,https://roscontrol.com/
0,"Окорочок цыпленка-бройлера ""Ясная горка"" варено-копченый", Птица , Гастрономия ,,, ,https://roscontrol.com/
0,"Сардина натуральная ""Красная цена"" с добавлением масла", Рыба и морепродукты , Рыбные консервы ,72,64,65,https://roscontrol.com/
0,"Печень трески ""Морской котик""", Рыба и морепродукты , Рыбные консервы ,47,71,53,https://roscontrol.com/
0,"Печень трески ""5 морей""", Рыба и морепродукты , Рыбные консервы ,64,92,67,https://roscontrol.com/
0,Тунец консервированный Fortuna, Рыба и морепродукты , Рыбные консервы ,77,72,67,https://roscontrol.com/
0,"Тунец консервированный ""5 морей""", Рыба и морепродукты , Рыбные консервы ,80,65,68,https://roscontrol.com/
0,"Тунец консервированный ""Белый кит""", Рыба и морепродукты , Рыбные консервы ,80,71,69,https://roscontrol.com/
0,Тунец консервированный Fish House, Рыба и морепродукты , Рыбные консервы ,75,71,65,https://roscontrol.com/
0,"Тунец консервированный ""Барс""", Рыба и морепродукты , Рыбные консервы ,67,67,63,https://roscontrol.com/
0,"Килька в томатном соусе ""Совок""", Рыба и морепродукты , Рыбные консервы ,83,78,72,https://roscontrol.com/
0,Килька в томатном соусе Keano, Рыба и морепродукты , Рыбные консервы ,84,71,67,https://roscontrol.com/
0,"Килька в томатном соусе ""Ультрамарин""", Рыба и морепродукты , Рыбные консервы ,85,61,66,https://roscontrol.com/
0,"Килька в томатном соусе ""5 морей""", Рыба и морепродукты , Рыбные консервы ,87,71,68,https://roscontrol.com/
0,"Килька в томатном соусе ""Вкусные консервы""", Рыба и морепродукты , Рыбные консервы ,84,63,64,https://roscontrol.com/
0,"Сайра тихоокеанская ""Море внутри"" натуральная", Рыба и морепродукты , Рыбные консервы ,62,92,69,https://roscontrol.com/
0,"Сайра тихоокеанская ""Дальморепродукт"" натуральная", Рыба и морепродукты , Рыбные консервы ,60,90,68,https://roscontrol.com/
0,"Сайра тихоокеанская ""5 морей"" натуральная", Рыба и морепродукты , Рыбные консервы ,50,90,63,https://roscontrol.com/
0,Печень трески Setra, Рыба и морепродукты , Рыбные консервы ,81,82,69,https://roscontrol.com/
0,"Печень трески ""Морская радуга""", Рыба и морепродукты , Рыбные консервы ,68,73,61,https://roscontrol.com/
0,Шпроты в масле Kaija из балтийской кильки, Рыба и морепродукты , Шпроты ,76,57,59,https://roscontrol.com/
0,"Шпроты в масле ""Главпродукт"" из балтийской кильки", Рыба и морепродукты , Шпроты ,67,73,64,https://roscontrol.com/
0,Шпроты в масле Gold fish из балтийской кильки, Рыба и морепродукты , Шпроты ,67,63,59,https://roscontrol.com/
0,"Шпроты в масле ""5 Морей"" из балтийской кильки", Рыба и морепродукты , Шпроты ,64,56,57,https://roscontrol.com/
0,"Шпроты в масле ""Барс"" из балтийской кильки", Рыба и морепродукты , Шпроты ,79,63,61,https://roscontrol.com/
0,"Шпроты в масле ""Старая Рига"" из балтийской кильки", Рыба и морепродукты , Шпроты ,67,84,64,https://roscontrol.com/
0,"Шпроты в масле ""Капитан морей"" из салаки", Рыба и морепродукты , Шпроты ,77,46,57,https://roscontrol.com/
0,Шпроты в масле Keano, Рыба и морепродукты , Шпроты ,75,78,69,https://roscontrol.com/
0,"Шпроты в масле ""Рижское золото"" (""Гамма-А"")", Рыба и морепродукты , Шпроты ,65,79,66,https://roscontrol.com/
0,"Шпроты в масле ""Вкусные консервы""", Рыба и морепродукты , Шпроты ,60,70,64,https://roscontrol.com/
0,Шпроты в масле Fish House из балтийской кильки, Рыба и морепродукты , Шпроты ,54,73,57,https://roscontrol.com/
0,"Шпроты в масле ""Беринг"" из балтийской кильки", Рыба и морепродукты , Шпроты ,47,58,50,https://roscontrol.com/
0,"Шпроты в масле ""От Иваныча!"" из копченой салаки", Рыба и морепродукты , Шпроты ,70,44,52,https://roscontrol.com/
0,Шпроты в масле Morobell, Рыба и морепродукты , Шпроты ,61,47,51,https://roscontrol.com/
0,"Шпроты в масле ""Морская радуга""", Рыба и морепродукты , Шпроты ,67,25,47,https://roscontrol.com/
0,"Форель ""Карельские рыбные заводы"", слабосоленая, ломтики", Рыба и морепродукты , Соленая рыба ,75,58,63,https://roscontrol.com/
0,"Форель ""Русское море"" слабосоленая, ломтики", Рыба и морепродукты , Соленая рыба ,85,58,65,https://roscontrol.com/
0,"Форель ""Меридиан"" слабосоленая, ломтики", Рыба и морепродукты , Соленая рыба ,85,59,68,https://roscontrol.com/
0,"Семга слабосоленая ""Просто!""", Рыба и морепродукты , Соленая рыба ,71,46,48,https://roscontrol.com/
0,"Семга слабосоленая ""Санта Бремор""", Рыба и морепродукты , Соленая рыба ,83,74,62,https://roscontrol.com/
0,"Семга слабосоленая ""Русское море""", Рыба и морепродукты , Соленая рыба ,80,53,54,https://roscontrol.com/
0,"Сельдь ""Каждый день"" слабосоленая", Рыба и морепродукты , Соленая рыба ,75,47,53,https://roscontrol.com/
0,"Семга ""Русское море"" слабосоленая, ломтики", Рыба и морепродукты , Соленая рыба ,77,67,63,https://roscontrol.com/
0,"Форель ""ВкусВилл"" слабосоленая, ломтики", Рыба и морепродукты , Соленая рыба ,51,59,57,https://roscontrol.com/
0,"Сельдь ""Олива"" слабосоленая", Рыба и морепродукты , Соленая рыба ,76,69,60,https://roscontrol.com/
0,"Сельдь ""Меридиан"" слабосоленая", Рыба и морепродукты , Соленая рыба ,79,85,67,https://roscontrol.com/
0,"Сельдь ""Русская Рыбная Фактория"" слабосоленая", Рыба и морепродукты , Соленая рыба ,25,45,43,https://roscontrol.com/
0,"Сельдь ""А`море"" слабосоленая", Рыба и морепродукты , Соленая рыба ,25,59,47,https://roscontrol.com/
0,"Сельдь ""%"" слабосоленая", Рыба и морепродукты , Соленая рыба ,23,37,39,https://roscontrol.com/
0,"Сельдь ""Балтийский берег"" слабосоленая", Рыба и морепродукты , Соленая рыба ,28,59,44,https://roscontrol.com/
0,"Сельдь ""Д"" слабосоленая", Рыба и морепродукты , Соленая рыба ,72,83,61,https://roscontrol.com/
0,"Сёмга слабосолёная ""Каждый день""", Рыба и морепродукты , Соленая рыба ,66,78,62,https://roscontrol.com/
0,Сельдь ИП Лукашов В.Н. неразделанная солёная, Рыба и морепродукты , Соленая рыба ,32,77,58,https://roscontrol.com/
0,"""Русское море"", горбуша, первый сорт", Рыба и морепродукты , Красная икра ,76,96,72,https://roscontrol.com/
0,"""Сделано в море"", горбуша, первый сорт", Рыба и морепродукты , Красная икра ,66,93,67,https://roscontrol.com/
0,"""Красное золото"", горбуша, первый сорт", Рыба и морепродукты , Красная икра ,75,84,68,https://roscontrol.com/
0,"Икра ""Меридиан"", горбуша, первый сорт", Рыба и морепродукты , Красная икра ,79,93,72,https://roscontrol.com/
0,"Икра ""Русский рыбный мир""", Рыба и морепродукты , Красная икра ,63,65,57,https://roscontrol.com/
0,"Икра ""Русское море""", Рыба и морепродукты , Красная икра ,76,86,68,https://roscontrol.com/
0,Икра ARO, Рыба и морепродукты , Красная икра ,52,73,56,https://roscontrol.com/
0,"""Обкомовская""", Рыба и морепродукты , Красная икра ,49,73,56,https://roscontrol.com/
0,"""Северная компания""", Рыба и морепродукты , Красная икра ,47,17,38,https://roscontrol.com/
0,"""То, что надо"", горбуша, первый сорт", Рыба и морепродукты , Красная икра ,,, ,https://roscontrol.com/
0,"Икра ""Тунгутун"", горбуша, первый сорт", Рыба и морепродукты , Красная икра ,,, ,https://roscontrol.com/
0,Икра Salmonica, Рыба и морепродукты , Красная икра ,,, ,https://roscontrol.com/
0,"""Меридиан"", горбуша, первый сорт", Рыба и морепродукты , Красная икра ,,, ,https://roscontrol.com/
0,"""Алый жемчуг""", Рыба и морепродукты , Красная икра ,,, ,https://roscontrol.com/
0,"Икра ""Камчатское море""", Рыба и морепродукты , Красная икра ,,, ,https://roscontrol.com/
0,"""Русское море"", нерка, первый сорт", Рыба и морепродукты , Красная икра ,,, ,https://roscontrol.com/
0,"""Красное золото"", горбуша, первый сорт", Рыба и морепродукты , Красная икра ,,, ,https://roscontrol.com/
0,"""Форвард-С"", кета, первый сорт", Рыба и морепродукты , Красная икра ,,, ,https://roscontrol.com/
0,Хек ARO тушка, Рыба и морепродукты , Замороженная рыба ,58,47,59,https://roscontrol.com/
0,"Хек ""ВкусВилл"" тушка", Рыба и морепродукты , Замороженная рыба ,72,49,64,https://roscontrol.com/
0,"Хек ""Индиго"" тушка", Рыба и морепродукты , Замороженная рыба ,63,41,63,https://roscontrol.com/
0,"Хек ""Магуро"" тушка", Рыба и морепродукты , Замороженная рыба ,69,49,64,https://roscontrol.com/
0,Горбуша Globus потрошеная без головы, Рыба и морепродукты , Замороженная рыба ,69,60,67,https://roscontrol.com/
0,Горбуша Aro потрошеная без головы, Рыба и морепродукты , Замороженная рыба ,70,69,70,https://roscontrol.com/
0,"Горбуша ""Волна"" потрошеная без головы", Рыба и морепродукты , Замороженная рыба ,73,60,71,https://roscontrol.com/
0,"Горбуша ""Каждый день"" потрошеная с головой", Рыба и морепродукты , Замороженная рыба ,73,68,69,https://roscontrol.com/
0,"Горбуша ""ВкусАрт"" потрошеная с головой", Рыба и морепродукты , Замороженная рыба ,66,38,56,https://roscontrol.com/
0,"Филе трески ""ВкусВилл""", Рыба и морепродукты , Замороженная рыба ,55,76,69,https://roscontrol.com/
0,"Филе минтая ""Artfish""", Рыба и морепродукты , Замороженная рыба ,85,56,65,https://roscontrol.com/
0,"Филе минтая ""Бухта Изобилия""", Рыба и морепродукты , Замороженная рыба ,92,59,71,https://roscontrol.com/
0,"Филе трески ""Океан вкуса""", Рыба и морепродукты , Замороженная рыба ,53,63,62,https://roscontrol.com/
0,"Филе трески ""Царица морей""", Рыба и морепродукты , Замороженная рыба ,65,68,64,https://roscontrol.com/
0,"Филе трески ""Рыбный год""", Рыба и морепродукты , Замороженная рыба ,49,69,60,https://roscontrol.com/
0,"Треска ""СП ХладоПродуктСервис""", Рыба и морепродукты , Замороженная рыба ,80,75,73,https://roscontrol.com/
0,Треска ARTFISH, Рыба и морепродукты , Замороженная рыба ,51,74,65,https://roscontrol.com/
0,"Филе трески ""Марлин""", Рыба и морепродукты , Замороженная рыба ,53,30,52,https://roscontrol.com/
0,"Крабовые палочки ""Русское море""", Рыба и морепродукты , Продукты из сурими ,61,49,36,https://roscontrol.com/
0,"Крабовые палочки ""Меридиан""", Рыба и морепродукты , Продукты из сурими ,67,59,42,https://roscontrol.com/
0,"Крабовое мясо (имитация) ""Меридиан""", Рыба и морепродукты , Продукты из сурими ,65,32,37,https://roscontrol.com/
0,"Крабовое мясо (имитация) ""Дикси"" (""Д"")", Рыба и морепродукты , Продукты из сурими ,81,33,40,https://roscontrol.com/
0,Крабовые палочки Vici, Рыба и морепродукты , Продукты из сурими ,62,25,32,https://roscontrol.com/
0,"Крабовое мясо (имитация) "" А`Море""", Рыба и морепродукты , Продукты из сурими ,51,36,33,https://roscontrol.com/
0,"Крабовое мясо (имитация) ""Русское море""", Рыба и морепродукты , Продукты из сурими ,56,10,26,https://roscontrol.com/
0,"""Красная цена""", Рыба и морепродукты , Продукты из сурими ,79,53,46,https://roscontrol.com/
0,Polar, Рыба и морепродукты , Продукты из сурими ,81,51,60,https://roscontrol.com/
0,"Крабовые палочки ""А'море""", Рыба и морепродукты , Продукты из сурими ,,, ,https://roscontrol.com/
0,"Крабовые палочки ""Санта Бремор""", Рыба и морепродукты , Продукты из сурими ,,, ,https://roscontrol.com/
0,"Крабовое мясо (имитация) ""Санта Бремор""", Рыба и морепродукты , Продукты из сурими ,,, ,https://roscontrol.com/
0,Крабовое мясо (имитация) Vici, Рыба и морепродукты , Продукты из сурими ,,, ,https://roscontrol.com/
0,"Крабовые палочки ""Наша семья / Фишерель""", Рыба и морепродукты , Продукты из сурими ,,, ,https://roscontrol.com/
0,"""Каждый день""", Рыба и морепродукты , Продукты из сурими ,,, ,https://roscontrol.com/
0,"Филе сельди ""Русское море"" кусочками", Рыба и морепродукты , Пресервы рыбные ,71,22,47,https://roscontrol.com/
0,"Филе сельди ""Балтийский берег"" кусочками", Рыба и морепродукты , Пресервы рыбные ,72,45,57,https://roscontrol.com/
0,"""Балтийский берег"" сельдь соленая (пресервы)", Рыба и морепродукты , Пресервы рыбные ,42,72,62,https://roscontrol.com/
0,"Сельдь ""Каждый день"" специального посола", Рыба и морепродукты , Пресервы рыбные ,51,30,42,https://roscontrol.com/
0,"Сельдь ""А'Море"" специального посола", Рыба и морепродукты , Пресервы рыбные ,,, ,https://roscontrol.com/
0,"Сельдь ""Балтийский берег"" специального посола", Рыба и морепродукты , Пресервы рыбные ,,, ,https://roscontrol.com/
0,Сельдь Vici специального посола, Рыба и морепродукты , Пресервы рыбные ,,, ,https://roscontrol.com/
0,"Сельдь ""Меридиан"" специального посола", Рыба и морепродукты , Пресервы рыбные ,,, ,https://roscontrol.com/
0,"Филе сельди ""Санта Бремор / Матиас"" кусочками", Рыба и морепродукты , Пресервы рыбные ,,, ,https://roscontrol.com/
0,"Коктейль из морепродуктов ""Санта Бремор""", Рыба и морепродукты , Пресервы рыбные ,,, ,https://roscontrol.com/
0,Коктейль из морепродуктов Fish House, Рыба и морепродукты , Пресервы рыбные ,,, ,https://roscontrol.com/
0,"Коктейль из морепродуктов ""Каждый день""", Рыба и морепродукты , Пресервы рыбные ,,, ,https://roscontrol.com/
0,"Коктейль из морепродуктов ""Меридиан""", Рыба и морепродукты , Пресервы рыбные ,,, ,https://roscontrol.com/
0,"Коктейль из морепродуктов ""Русское море""", Рыба и морепродукты , Пресервы рыбные ,,, ,https://roscontrol.com/
0,"Филе сельди ""Каждый день"" кусочками", Рыба и морепродукты , Пресервы рыбные ,,, ,https://roscontrol.com/
0,"Филе сельди ""А`море"" кусочками", Рыба и морепродукты , Пресервы рыбные ,,, ,https://roscontrol.com/
0,Филе сельди Vici / Любо есть кусочками, Рыба и морепродукты , Пресервы рыбные ,,, ,https://roscontrol.com/
0,"Филе сельди ""Vici"" кусочками", Рыба и морепродукты , Пресервы рыбные ,,, ,https://roscontrol.com/
0,"Креветки Agama, варено-мороженые, 70/90", Рыба и морепродукты , Креветки ,67,81,70,https://roscontrol.com/
0,"Креветки Polar, варёно-мороженые, 90/120", Рыба и морепродукты , Креветки ,69,89,73,https://roscontrol.com/
0,"Креветки ""Новый океан"" королевские, варено-мороженные", Рыба и морепродукты , Креветки ,90,92,77,https://roscontrol.com/
0,"Креветки Agama королевские, варено-мороженные", Рыба и морепродукты , Креветки ,87,74,74,https://roscontrol.com/
0,Креветки Polar premium, Рыба и морепродукты , Креветки ,86,98,79,https://roscontrol.com/
0,"Креветки VICI Приорити королевские, варено-мороженные", Рыба и морепродукты , Креветки ,87,60,66,https://roscontrol.com/
0,Креветки Fish House, Рыба и морепродукты , Креветки ,82,71,73,https://roscontrol.com/
0,"Креветки Развесные ""Агама Роял Гринланд""", Рыба и морепродукты , Креветки ,67,62,66,https://roscontrol.com/
0,"Креветки ""Бухта изобилия""", Рыба и морепродукты , Креветки ,84,70,72,https://roscontrol.com/
0,"Креветки Borealis, варено-мороженые, 90/120", Рыба и морепродукты , Креветки ,,, ,https://roscontrol.com/
0,"Креветки ""Бухта изобилия"", варено-мороженые, 70/90", Рыба и морепродукты , Креветки ,,, ,https://roscontrol.com/
0,"Креветки Fish&More, варено-мороженые, 70/90", Рыба и морепродукты , Креветки ,,, ,https://roscontrol.com/
0,Креветки Креветки Eurospar варено-мороженые, Рыба и морепродукты , Креветки ,,, ,https://roscontrol.com/
0,"Креветки Креветки ""Ашан"" варено-мороженые", Рыба и морепродукты , Креветки ,,, ,https://roscontrol.com/
0,"Креветки Креветки ""Перекрёсток"" варено-мороженые", Рыба и морепродукты , Креветки ,,, ,https://roscontrol.com/
0,"Креветки Polar королевские, варено-мороженные", Рыба и морепродукты , Креветки ,,, ,https://roscontrol.com/
0,"Креветки ""Globster"" королевские, варено-мороженые", Рыба и морепродукты , Креветки ,,, ,https://roscontrol.com/
0,"Креветки ""Лагуна""", Рыба и морепродукты , Креветки ,,, ,https://roscontrol.com/
0," Масляная рыба ""Балтийский берег"" х/к", Рыба и морепродукты , Копченая рыба ,75,49,55,https://roscontrol.com/
0," Масляная рыба ""Олива"" х/к", Рыба и морепродукты , Копченая рыба ,58,54,52,https://roscontrol.com/
0, Мойва Selgros х/к, Рыба и морепродукты , Копченая рыба ,71,65,60,https://roscontrol.com/
0," Скумбрия ""Русское море"" х/к", Рыба и морепродукты , Копченая рыба ,82,84,73,https://roscontrol.com/
0, Скумбрия Vici х/к, Рыба и морепродукты , Копченая рыба ,79,82,73,https://roscontrol.com/
0," Скумбрия VICI/""Любо есть"" х/к", Рыба и морепродукты , Копченая рыба ,80,60,58,https://roscontrol.com/
0," Масляная рыба ""А`море"" х/к", Рыба и морепродукты , Копченая рыба ,0,40,28,https://roscontrol.com/
0," Мойва ""Рыбная история"" х/к", Рыба и морепродукты , Копченая рыба ,75,25,47,https://roscontrol.com/
0," Масляная рыба ""Океан"" х/к", Рыба и морепродукты , Копченая рыба ,,, ,https://roscontrol.com/
0," Масляная рыба ""Меридиан"" х/к", Рыба и морепродукты , Копченая рыба ,,, ,https://roscontrol.com/
0," Скумбрия Billa, х/к", Рыба и морепродукты , Копченая рыба ,,, ,https://roscontrol.com/
0," Скумбрия ""Fish Fabric / Русскiй буфетъ"", х/к", Рыба и морепродукты , Копченая рыба ,,, ,https://roscontrol.com/
0," Скумбрия ""А`море"" х/к", Рыба и морепродукты , Копченая рыба ,,, ,https://roscontrol.com/
0," Скумбрия ""СТМ"" х/к", Рыба и морепродукты , Копченая рыба ,,, ,https://roscontrol.com/
0," Скумбрия ""Балтийский берег"" х/к", Рыба и морепродукты , Копченая рыба ,,, ,https://roscontrol.com/
0," Мойва ""Каждый день"" х/к", Рыба и морепродукты , Копченая рыба ,,, ,https://roscontrol.com/
0, Мойва Leor х/к, Рыба и морепродукты , Копченая рыба ,,, ,https://roscontrol.com/
0," Мойва ""Томилинская"" х/к", Рыба и морепродукты , Копченая рыба ,,, ,https://roscontrol.com/
0,"Салат из морской капусты ""Спецзаказ""", Рыба и морепродукты , Морская капуста ,71,77,66,https://roscontrol.com/
0,"Салат из морской капусты ""Морская миля""", Рыба и морепродукты , Морская капуста ,59,63,57,https://roscontrol.com/
0,"Салат из морской капусты ""Морская радуга""", Рыба и морепродукты , Морская капуста ,80,68,65,https://roscontrol.com/
0,"Салат из морской капусты ""Доброфлот""", Рыба и морепродукты , Морская капуста ,70,80,65,https://roscontrol.com/
0,"Салат из морской капусты ""5 морей""", Рыба и морепродукты , Морская капуста ,82,71,67,https://roscontrol.com/
0,"Салат из морской капусты ""Капитан вкусов""", Рыба и морепродукты , Морская капуста ,81,43,55,https://roscontrol.com/
0,"Салат из морской капусты ""Беринг""", Рыба и морепродукты , Морская капуста ,83,54,61,https://roscontrol.com/
0,"Салат из морской капусты ""Морской котик""", Рыба и морепродукты , Морская капуста ,85,47,57,https://roscontrol.com/
0,"Вобла ""Блесна / Дикси"" вяленая", Рыба и морепродукты , Вяленая рыба ,89,18,53,https://roscontrol.com/
0,Вобла Plesk вяленая, Рыба и морепродукты , Вяленая рыба ,78,17,51,https://roscontrol.com/
0,"Вобла ""Фландерр / МастерСнэк"" вяленая", Рыба и морепродукты , Вяленая рыба ,70,21,43,https://roscontrol.com/
0,"Вобла ""Олива"" вяленая", Рыба и морепродукты , Вяленая рыба ,63,19,42,https://roscontrol.com/
0,"Вобла ""Вяльково"" вяленая", Рыба и морепродукты , Вяленая рыба ,82,14,53,https://roscontrol.com/
0,"Карп ""Перекресток"" живой", Рыба и морепродукты , Свежая рыба ,54,54,61,https://roscontrol.com/
0,"Карп ""Ашан"" живой", Рыба и морепродукты , Свежая рыба ,51,62,62,https://roscontrol.com/
0,Карп Selgros живой, Рыба и морепродукты , Свежая рыба ,78,62,70,https://roscontrol.com/
0,Карп Metro живой, Рыба и морепродукты , Свежая рыба ,76,52,67,https://roscontrol.com/
0,"Карп ""О`кей"" живой", Рыба и морепродукты , Свежая рыба ,43,13,45,https://roscontrol.com/
0,"Карп ""Глобус живой", Рыба и морепродукты , Свежая рыба ,72,38,57,https://roscontrol.com/
